ward_code,Ward,Life Expectancy 2009-13,Childhood Obesity Average,Incapacity Benefit rate Average,Unemployment rate Average,Crime rate Average,Deliberate Fires Average,GCSE point scores Average,Unauthorised Absence in All Schools (%) Average,Public Transport Accessibility Average,population_per_hectare,homes_good_access_nature,travel_work_bicycle,Subjective well-being average score Average
E09000001,City of London,86.4,24.18,2.04,2.4,16.279999999999998,0.38,353.8,0.5439999999999999,7.720000000000001,25.52,0.0,5.3,7.62
E05000026,Abbey,82.0,21.96,3.18,8.5,152.42,1.1400000000000001,328.4,1.4120000000000001,5.92,100.8913213,98.0,0.8,7.88
E05000027,Alibon,79.0,25.9,5.3999999999999995,9.86,112.92,0.8,324.8,1.4300000000000002,3.2399999999999998,76.9140338,28.0,1.0,7.44
E05000028,Becontree,79.2,24.1,5.1,9.72,126.0,0.86,328.0,1.496,2.8600000000000003,90.63862928,83.0,1.6,7.6
E05000029,Chadwell Heath,80.8,25.2,5.0200000000000005,8.5,115.74000000000001,2.22,329.8,1.5719999999999998,2.28,29.87573964,36.0,1.2,7.2
E05000030,Eastbrook,79.2,23.540000000000003,3.5,7.6800000000000015,76.32000000000001,1.3599999999999999,334.8,1.04,2.3199999999999994,30.63404748,100.0,1.6,7.840000000000001
E05000031,Eastbury,82.0,23.06,4.88,9.319999999999999,110.41999999999999,1.48,332.4,1.422,2.8199999999999994,81.08650519,94.0,1.5,8.04
E05000032,Gascoigne,78.2,23.380000000000003,5.78,12.9,126.88,1.4,325.6,1.366,3.72,110.7583774,94.0,1.4,7.8
E05000033,Goresbrook,80.3,25.26,5.180000000000001,9.219999999999999,111.63999999999999,1.5,325.8,1.2760000000000002,2.54,88.734375,92.0,1.7,7.08
E05000034,Heath,78.5,25.74,5.68,11.6,91.52000000000001,1.58,327.2,1.194,2.62,54.20947631,9.0,1.6,7.5200000000000005
E05000035,Longbridge,82.2,23.779999999999994,2.58,5.08,92.88000000000001,0.6,354.6,0.834,3.1,70.54268293,96.0,1.1,8.04
E05000036,Mayesbrook,80.0,23.1,5.78,9.059999999999999,111.3,1.6600000000000001,330.4,1.3399999999999999,2.56,56.32090762,100.0,1.6,7.6
E05000037,Parsloes,79.9,24.799999999999997,6.1,9.02,96.36,1.32,335.4,1.3359999999999999,2.7,79.78278359,70.0,1.2,8.16
E05000038,River,76.5,26.72,4.58,8.440000000000001,73.85999999999999,0.7,322.8,1.298,3.02,31.00788288,100.0,1.4,7.44
E05000039,Thames,80.1,23.7,4.159999999999999,9.540000000000001,92.47999999999999,3.2399999999999998,322.0,1.238,2.2399999999999998,13.72526636,77.0,2.1,7.720000000000001
E05000040,Valence,78.8,22.6,5.78,9.319999999999999,92.32000000000001,1.0000000000000002,334.4,1.456,3.2,76.92188708,40.0,1.5,7.5200000000000005
E05000041,Village,78.5,26.520000000000003,5.180000000000001,11.819999999999999,128.74,1.56,315.6,1.536,2.7599999999999993,50.80841121,100.0,2.4,7.2
E05000042,Whalebone,83.4,25.559999999999995,3.1,6.1,102.54,1.0,340.0,1.158,2.9,68.58429858,2.0,1.0,7.68
E05000043,Brunswick Park,83.5,18.1,3.0599999999999996,4.040000000000001,62.86,0.44000000000000006,365.2,0.6300000000000001,2.82,51.83994959,99.0,1.0,7.4799999999999995
E05000044,Burnt Oak,78.8,23.520000000000003,4.66,7.24,80.42,1.0399999999999998,332.0,1.156,3.6,88.56104651,97.0,0.8,7.38
E05000045,Childs Hill,81.1,24.7,2.78,5.6,115.85999999999999,0.36000000000000004,356.4,1.1019999999999999,4.5200000000000005,65.10844934,58.0,2.5,7.4799999999999995
E05000046,Colindale,83.9,22.080000000000002,3.9199999999999995,5.4799999999999995,61.160000000000004,0.6000000000000001,335.4,1.316,2.5,64.92429977,51.0,1.0,7.139999999999999
E05000047,Coppetts,80.6,16.339999999999996,3.54,4.959999999999999,107.7,0.82,358.2,0.9359999999999999,2.8600000000000003,63.64338235,91.0,2.0,7.159999999999999
E05000048,East Barnet,83.2,18.439999999999998,3.1199999999999997,4.42,73.26,0.37999999999999995,347.6,0.526,2.5800000000000005,43.16364606,100.0,0.9,7.32
E05000049,East Finchley,83.6,14.040000000000001,3.6,4.1,73.79999999999998,0.8,355.8,0.9899999999999999,2.62,63.58954041,93.0,3.1,7.4
E05000050,Edgware,85.6,20.96,3.1399999999999997,4.2,90.64,0.7799999999999999,355.8,0.914,2.94,30.19244604,80.0,0.7,7.220000000000001
E05000051,Finchley Church End,86.4,15.520000000000001,1.8599999999999999,3.4,59.6,0.24,371.0,0.852,2.9,58.24289406,88.0,1.4,7.32
E05000052,Garden Suburb,87.1,8.54,1.06,2.08,77.6,0.15999999999999998,386.2,0.708,2.7,33.7983513,98.0,2.5,7.56
E05000053,Golders Green,81.6,17.060000000000002,2.8800000000000003,4.459999999999999,78.96000000000001,0.44000000000000006,357.4,1.024,3.4,63.39825386,58.0,1.7,7.24
E05000054,Hale,83.7,21.98,3.2,4.42,69.96000000000001,0.4800000000000001,348.0,0.9019999999999999,2.52,32.27591295,93.0,0.8,7.139999999999999
E05000055,Hendon,82.2,18.44,2.88,4.52,76.47999999999999,0.38,367.4,0.9860000000000001,2.6399999999999997,65.22887324,64.0,1.2,7.08
E05000056,High Barnet,83.1,16.24,2.88,2.9799999999999995,76.42,0.76,377.6,0.45199999999999996,2.7399999999999998,18.49079312,96.0,1.6,7.640000000000001
E05000057,Mill Hill,85.2,18.8,2.42,3.8,75.26,0.42000000000000004,355.4,0.924,2.22,19.73260893,97.0,1.0,7.220000000000001
E05000058,Oakleigh,82.7,15.540000000000001,2.68,3.62,67.5,0.3,370.0,0.72,3.22,47.84745252,54.0,1.0,7.4
E05000059,Totteridge,84.5,13.8,2.02,2.6599999999999997,53.580000000000005,0.34,371.2,0.5880000000000001,2.66,17.35515511,99.0,1.1,7.4799999999999995
E05000060,Underhill,81.0,17.06,4.38,5.279999999999999,69.5,1.02,344.4,0.994,2.6,35.10105448,91.0,0.8,7.4799999999999995
E05000061,West Finchley,83.0,13.260000000000002,2.6,3.62,69.88000000000001,0.33999999999999997,375.6,0.8019999999999999,3.7399999999999998,76.78852383,85.0,1.7,7.159999999999999
E05000062,West Hendon,83.4,18.919999999999998,3.4200000000000004,5.5200000000000005,108.78000000000002,0.45999999999999996,357.2,1.05,3.5,50.94570928,71.0,1.3,7.24
E05000063,Woodhouse,83.1,18.2,3.4800000000000004,4.6,95.8,0.36,365.4,0.8560000000000001,2.82,67.52679939,66.0,2.0,7.8
E05000064,Barnehurst,82.6,21.020000000000003,2.46,3.5,56.9,0.7999999999999999,350.8,0.93,3.02,36.44947735,89.0,1.0,7.720000000000001
E05000065,Belvedere,82.6,21.339999999999996,3.9199999999999995,5.980000000000001,84.05999999999999,1.4,323.4,1.282,2.5,37.78551091,100.0,1.2,8.04
E05000066,Blackfen and Lamorbey,85.4,19.380000000000003,2.08,2.52,46.279999999999994,0.18,354.8,0.6900000000000001,2.0599999999999996,63.18909306,98.0,1.4,8.04
E05000067,Blendon and Penhill,84.4,18.860000000000003,1.86,2.58,55.6,0.4600000000000001,355.2,0.6780000000000002,2.02,52.20686368,100.0,1.2,8.04
E05000068,Brampton,85.1,20.240000000000002,2.3400000000000003,2.56,48.64,0.22000000000000003,359.2,0.61,2.54,53.68474404,51.0,1.1,7.720000000000001
E05000069,Christchurch,81.6,19.419999999999998,2.54,3.4799999999999995,88.4,0.5,364.8,0.932,3.4,43.2299843,80.0,0.9,7.959999999999999
E05000070,Colyers,81.6,22.979999999999997,4.220000000000001,6.36,75.6,0.9,329.0,1.1640000000000001,1.92,68.11090798,32.0,1.1,7.88
E05000071,Crayford,81.9,21.52,3.7600000000000002,5.340000000000001,55.04,1.1,328.8,1.214,2.04,28.41229839,93.0,1.0,7.56
E05000072,Cray Meadows,81.9,24.259999999999998,4.24,4.540000000000001,49.279999999999994,0.9600000000000002,340.0,1.1300000000000001,2.04,15.67232739,100.0,1.5,7.4
E05000073,Danson Park,82.2,19.32,2.36,3.4199999999999995,67.35999999999999,0.74,355.4,0.9460000000000001,2.9,40.16200295,100.0,1.1,8.04
E05000074,East Wickham,83.1,22.379999999999995,2.98,4.24,68.17999999999999,0.42000000000000004,346.2,1.202,2.7399999999999998,50.29506685,100.0,1.2,7.8
E05000075,Erith,81.9,25.78,4.22,6.3,82.08,1.8199999999999998,335.6,1.3459999999999999,2.48,25.46677881,77.0,1.0,8.04
E05000076,Falconwood and Welling,83.2,19.12,1.6799999999999997,3.2,67.08,0.2,358.6,0.8280000000000001,2.56,65.14714715,63.0,1.1,8.04
E05000077,Lesnes Abbey,82.9,23.139999999999997,3.34,5.16,86.4,1.2800000000000002,341.0,1.044,2.8,48.07172996,100.0,1.1,7.88
E05000078,Longlands,81.8,17.42,2.5200000000000005,2.8600000000000003,46.24,0.38,361.2,0.718,2.62,40.47067901,38.0,1.3,7.88
E05000079,North End,78.7,25.44,5.24,8.5,100.68,4.0,316.4,1.686,2.4,20.42362454,59.0,1.3,7.239999999999999
E05000080,Northumberland Heath,82.8,20.5,3.2,3.5799999999999996,67.98,0.6,341.2,0.9039999999999999,2.1,60.35734543,94.0,1.2,8.12
E05000081,St Mary's,84.9,17.6,1.98,2.22,52.019999999999996,0.33999999999999997,369.8,0.42400000000000004,2.6,23.77060284,100.0,1.2,8.04
E05000082,St Michael's,82.8,20.1,2.46,3.7399999999999998,49.260000000000005,0.5599999999999999,348.2,0.796,2.04,77.43074792,77.0,1.1,7.959999999999999
E05000083,Sidcup,81.6,16.439999999999998,1.7000000000000004,2.56,51.06,0.36000000000000004,369.8,0.688,3.04,40.29977794,96.0,1.2,7.56
E05000084,Thamesmead East,79.9,26.32,3.7599999999999993,8.459999999999999,79.16,2.46,335.6,1.224,2.5599999999999996,25.11680794,100.0,1.3,7.639999999999999
E05000085,Alperton,82.5,18.42,3.06,4.540000000000001,84.52,0.42000000000000004,335.8,1.042,2.96,68.48396501,100.0,1.7,7.4799999999999995
E05000086,Barnhill,79.4,27.96,4.279999999999999,6.92,87.49999999999999,0.24,344.2,0.952,2.94,53.33781513,100.0,0.5,7.4799999999999995
E05000087,Brondesbury Park,84.0,19.34,3.5800000000000005,5.38,110.35999999999999,0.33999999999999997,338.4,0.9099999999999999,3.9200000000000004,76.05691057,75.0,4.8,7.840000000000001
E05000088,Dollis Hill,85.5,21.12,4.2,7.58,70.41999999999999,0.4000000000000001,329.8,1.07,2.7800000000000002,58.76414273,100.0,1.5,7.12
E05000089,Dudden Hill,84.6,23.139999999999997,3.8199999999999994,8.22,119.22,0.44000000000000006,338.0,1.066,3.4199999999999995,90.05945303,100.0,3.2,7.32
E05000090,Fryent,82.4,18.3,3.1,5.3,80.39999999999999,0.24000000000000005,349.8,0.7060000000000001,2.7600000000000002,50.89164786,95.0,1.1,7.24
E05000091,Harlesden,80.5,26.919999999999998,5.4399999999999995,19.660000000000004,147.28,0.5600000000000002,309.4,1.31,3.78,154.9237668,100.0,3.5,7.88
E05000092,Kensal Green,84.3,24.48,4.3,12.34,132.84,0.5,324.4,1.0339999999999998,4.039999999999999,133.9250669,100.0,5.4,7.24
E05000093,Kenton,87.3,16.419999999999998,2.4,2.82,74.72,0.3,371.0,0.61,2.6399999999999997,54.21777778,94.0,0.7,7.4
E05000094,Kilburn,83.1,25.720000000000006,5.380000000000001,12.46,131.78000000000003,0.34,325.8,1.082,5.46,181.1016949,87.0,5.8,7.12
E05000095,Mapesbury,81.5,23.119999999999997,3.6,7.220000000000001,114.3,0.33999999999999997,330.6,1.038,4.5,112.0588235,34.0,3.5,7.92
E05000096,Northwick Park,82.7,19.580000000000002,2.3200000000000003,3.2,60.86,0.29999999999999993,364.2,0.6880000000000001,2.7600000000000002,48.15937149,81.0,1.0,7.32
E05000097,Preston,82.7,22.0,2.9,4.9399999999999995,81.79999999999998,0.25999999999999995,347.8,1.0939999999999999,3.14,64.99373695,33.0,1.1,7.4
E05000098,Queens Park,83.8,19.639999999999997,3.34,6.5200000000000005,114.14000000000001,0.26,344.4,0.9100000000000001,5.0200000000000005,103.3243788,100.0,7.4,7.44
E05000099,Queensbury,82.2,22.78,2.82,4.42,93.12,0.27999999999999997,353.4,0.662,3.02,74.33170732,48.0,0.5,7.4
E05000100,Stonebridge,79.3,27.48,6.1000000000000005,13.580000000000002,84.28,1.0,314.8,1.4000000000000001,3.0200000000000005,41.94081381,100.0,2.0,7.159999999999999
E05000101,Sudbury,81.4,23.94,3.56,5.8,83.9,0.42000000000000004,354.2,1.002,3.3199999999999994,70.62910798,65.0,1.1,7.56
E05000102,Tokyngton,81.0,23.48,2.7199999999999998,5.06,84.03999999999999,0.34,332.2,1.042,3.2600000000000002,54.94934877,53.0,1.2,7.4799999999999995
E05000103,Welsh Harp,82.9,26.96,3.999999999999999,7.4799999999999995,93.96000000000001,0.52,336.0,1.078,2.7600000000000002,59.8615917,100.0,1.2,7.4799999999999995
E05000104,Wembley Central,83.4,20.48,3.500000000000001,6.22,134.59999999999997,0.5800000000000001,345.4,0.9719999999999999,4.760000000000001,92.42669994,93.0,1.2,7.159999999999999
E05000105,Willesden Green,80.4,23.1,4.360000000000001,8.26,128.45999999999998,0.76,320.4,1.1179999999999999,4.56,101.3962508,66.0,3.1,7.68
E05000106,Bickley,81.6,13.120000000000001,1.98,2.34,53.879999999999995,0.4,382.0,0.5479999999999999,2.3,31.18094064,40.0,1.3,7.88
E05000107,Biggin Hill,84.6,14.319999999999999,1.86,2.7399999999999998,70.24,0.7,345.6,0.728,1.7600000000000002,12.07558561,100.0,0.5,8.36
E05000108,Bromley Common and Keston,83.3,15.439999999999998,3.2,3.9400000000000004,60.88000000000001,0.76,358.8,0.772,2.3,18.2622281,89.0,1.5,8.040000000000001
E05000109,Bromley Town,81.5,17.12,2.3,3.4200000000000004,89.28,0.8800000000000001,371.6,0.6660000000000001,3.7600000000000002,45.51640667,14.0,1.7,7.88
E05000110,Chelsfield and Pratts Bottom,85.4,15.939999999999998,1.7600000000000002,2.2199999999999998,48.739999999999995,0.32,369.4,0.5539999999999999,1.94,11.61041235,83.0,1.0,7.5200000000000005
E05000111,Chislehurst,82.1,15.540000000000001,1.54,2.6799999999999997,82.35999999999999,1.18,365.6,0.752,2.18,14.27792133,99.0,1.2,7.88
E05000112,Clock House,82.7,18.46,2.6399999999999997,3.8600000000000003,76.32000000000001,0.38,353.2,0.76,3.96,69.07325684,76.0,2.1,7.5200000000000005
E05000113,Copers Cope,82.0,12.1,2.06,2.98,93.72,0.28,347.4,1.0859999999999999,3.12,47.06329884,90.0,1.7,7.76
E05000114,Cray Valley East,81.4,22.540000000000003,4.26,5.8,106.16,4.52,329.6,1.51,2.2,11.69400963,100.0,1.1,7.359999999999999
E05000115,Cray Valley West,81.5,21.02,5.36,6.7,97.75999999999999,2.1,330.8,1.3059999999999998,2.3600000000000003,42.84154393,100.0,1.1,7.279999999999999
E05000116,Crystal Palace,79.4,22.880000000000003,5.46,8.059999999999999,145.2,2.08,323.8,1.682,4.42,53.73310074,86.0,3.2,7.279999999999999
E05000117,Darwin,82.7,17.140000000000004,1.92,1.8,61.5,1.4600000000000002,357.8,1.0939999999999999,1.3,1.76993284,100.0,0.9,7.959999999999999
E05000118,Farnborough and Crofton,85.5,13.320000000000002,2.08,2.22,43.4,0.48,375.8,0.6379999999999999,2.3,21.02072909,100.0,1.1,8.0
E05000119,Hayes and Coney Hall,84.2,11.219999999999999,1.5999999999999999,2.72,49.260000000000005,0.8400000000000001,369.6,0.506,2.3,14.77951373,75.0,1.6,8.280000000000001
E05000120,Kelsey and Eden Park,85.3,15.280000000000001,2.54,2.8200000000000003,80.78,0.5599999999999999,362.8,0.41600000000000004,2.62,30.73461538,79.0,1.8,7.44
E05000121,Mottingham and Chislehurst North,80.5,20.78,5.36,6.6,136.57999999999998,1.6,331.8,1.8979999999999997,2.54,41.02490813,100.0,1.1,7.88
E05000122,Orpington,84.1,18.119999999999997,2.9800000000000004,4.34,88.85999999999999,1.0399999999999998,355.0,0.892,2.74,36.1912594,83.0,1.0,7.5200000000000005
E05000123,Penge and Cator,82.4,21.0,4.48,7.0200000000000005,113.0,1.34,335.2,1.408,4.0200000000000005,58.93473115,76.0,2.5,7.44
E05000124,Petts Wood and Knoll,85.9,12.239999999999998,1.2799999999999998,2.12,50.88,0.18,382.6,0.524,2.4799999999999995,31.90841469,97.0,0.9,7.68
E05000125,Plaistow and Sundridge,79.9,16.7,3.6799999999999997,4.6,81.89999999999999,0.64,354.0,1.03,2.84,38.07663411,82.0,1.9,7.4799999999999995
E05000126,Shortlands,87.1,13.760000000000002,1.48,2.04,46.98,0.13999999999999999,380.6,0.3,2.54,40.21986971,78.0,1.4,7.840000000000001
E05000127,West Wickham,84.5,13.4,1.1999999999999997,2.34,48.38000000000001,0.24000000000000005,372.6,0.298,2.16,33.89984138,67.0,1.2,8.2
E05000128,Belsize,86.3,22.7,2.86,3.44,82.17999999999999,0.24000000000000005,345.6,0.9239999999999998,4.119999999999999,162.9487179,96.0,4.9,7.7
E05000129,Bloomsbury,84.0,22.84,3.0,4.7,69.14,0.32,339.0,0.994,7.92,105.9157689,24.0,5.0,7.42
E05000130,Camden Town with Primrose Hill,84.6,17.1,5.28,5.619999999999999,230.08,0.44000000000000006,337.8,0.994,5.779999999999999,108.2075472,92.0,8.6,7.7
E05000131,Cantelowes,81.8,20.7,6.3199999999999985,6.4799999999999995,126.08,0.36,334.6,1.002,4.9,156.9525066,69.0,11.1,7.779999999999999
E05000132,Fortune Green,85.3,23.04,4.1,4.8,98.47999999999999,0.19999999999999998,325.8,1.06,4.5600000000000005,116.8955224,63.0,4.9,7.359999999999999
E05000133,Frognal and Fitzjohns,86.5,11.62,1.52,1.94,66.7,0.13999999999999999,337.0,1.084,4.5200000000000005,78.12785388,83.0,3.6,8.0
E05000134,Gospel Oak,83.3,21.240000000000002,7.18,6.62,84.4,0.36,325.4,1.1400000000000001,4.0200000000000005,162.9088278,100.0,8.7,7.540000000000001
E05000135,Hampstead Town,87.4,15.1,2.16,1.7,68.32,0.4,348.8,0.9100000000000001,4.06,46.05714286,100.0,4.3,7.2
E05000136,Haverstock,81.7,26.379999999999995,6.56,7.56,127.36000000000001,0.33999999999999997,311.4,1.296,4.88,168.784153,95.0,7.5,7.62
E05000137,Highgate,85.1,16.380000000000003,5.2,5.0,96.78,0.4600000000000001,322.6,1.012,3.9,33.79395435,100.0,11.7,7.840000000000001
E05000138,Holborn and Covent Garden,84.4,17.839999999999996,5.659999999999999,5.960000000000001,55.839999999999996,0.52,324.2,1.0859999999999999,7.9,108.3430475,2.0,5.2,7.5
E05000139,Kentish Town,78.6,25.919999999999998,5.5,6.0,97.54,0.38,332.4,0.9059999999999999,5.54,130.4377432,79.0,10.8,7.94
E05000140,Kilburn,78.5,24.7,6.959999999999999,8.44,152.84,0.42000000000000004,321.4,0.9480000000000001,5.640000000000001,175.5393586,40.0,4.4,7.68
E05000141,King's Cross,83.8,24.18,4.619999999999999,7.56,79.08,0.5,315.0,1.276,7.68,192.8032787,24.0,7.0,7.5
E05000142,Regent's Park,80.7,24.119999999999997,5.74,7.06,59.86,1.0,325.4,1.0599999999999998,6.639999999999999,99.93333333,100.0,6.2,7.340000000000001
E05000143,St Pancras and Somers Town,79.6,21.800000000000004,7.3,9.98,61.52,0.5799999999999998,320.2,1.038,6.5200000000000005,98.49285714,100.0,5.5,7.58
E05000144,Swiss Cottage,84.6,21.58,3.0799999999999996,3.06,101.86,0.36,335.0,1.0219999999999998,6.159999999999999,102.6571201,36.0,4.0,7.359999999999999
E05000145,West Hampstead,83.4,21.28,4.54,4.42,114.96,0.24,343.2,1.1219999999999999,5.88,136.0202931,67.0,4.5,7.44
E05000146,Addiscombe,80.5,17.459999999999997,3.4,4.74,89.7,0.48,342.4,1.294,4.459999999999999,106.2570533,95.0,1.4,7.68
E05000147,Ashburton,82.6,24.619999999999997,3.46,5.42,82.56000000000002,0.9200000000000002,339.8,1.1300000000000001,2.7600000000000007,54.45836404,88.0,1.1,7.539999999999999
E05000148,Bensham Manor,83.0,24.759999999999998,3.5,7.720000000000001,105.52000000000001,0.5,336.4,1.354,3.38,112.4412172,8.0,1.3,7.659999999999999
E05000149,Broad Green,80.2,26.619999999999997,4.2,7.359999999999999,152.64000000000001,1.42,329.6,1.6320000000000001,4.52,70.19497563,17.0,1.3,7.359999999999999
E05000150,Coulsdon East,84.9,15.16,2.36,3.6800000000000006,51.260000000000005,0.76,356.0,0.85,1.78,15.88402428,100.0,0.9,8.139999999999999
E05000151,Coulsdon West,81.7,17.22,2.42,2.7399999999999998,60.25999999999999,0.6,378.0,0.6079999999999999,2.42,27.03103103,48.0,0.9,7.659999999999999
E05000152,Croham,81.4,21.179999999999996,2.86,4.220000000000001,88.78,0.36,353.2,1.1260000000000001,3.2400000000000007,45.00709622,58.0,1.3,7.92
E05000153,Fairfield,80.8,21.32,2.8800000000000003,4.18,131.35999999999999,0.82,346.6,1.462,5.779999999999999,44.18592297,32.0,0.9,7.68
E05000154,Fieldway,80.1,24.12,5.319999999999999,9.919999999999998,93.38000000000001,4.659999999999999,312.2,2.342,3.08,77.58922559,100.0,0.3,7.6
E05000155,Heathfield,83.9,16.66,2.58,3.94,111.54,1.2400000000000002,340.8,1.248,2.2600000000000002,15.23191734,100.0,0.6,7.92
E05000156,Kenley,81.7,15.1,2.44,3.8600000000000003,56.160000000000004,0.38,349.8,1.034,1.9,23.26470588,91.0,1.2,7.659999999999999
E05000157,New Addington,78.8,25.48,5.200000000000001,7.76,98.35999999999999,2.9400000000000004,321.2,2.2979999999999996,2.9,44.67462932,100.0,0.3,7.6
E05000158,Norbury,81.6,26.22,2.6,6.26,91.14,0.36,343.8,1.146,2.94,65.63492063,26.0,1.8,8.059999999999999
E05000159,Purley,83.3,19.1,3.08,3.9,85.66,0.3,369.6,0.9199999999999999,2.8,35.14737599,80.0,1.1,8.22
E05000160,Sanderstead,84.9,18.78,2.02,2.8200000000000003,47.94,0.36,364.0,0.576,1.6199999999999999,20.2253388,100.0,0.9,7.9
E05000161,Selhurst,77.1,24.380000000000003,4.779999999999999,9.2,126.9,0.64,330.4,1.682,4.220000000000001,79.74088713,53.0,1.4,7.5
E05000162,Selsdon and Ballards,86.4,19.22,1.54,2.5200000000000005,47.7,0.32,359.0,0.5700000000000001,2.0,18.3718389,100.0,0.7,7.68
E05000163,Shirley,84.3,17.240000000000002,2.5399999999999996,4.5,61.980000000000004,0.62,343.2,0.99,1.94,51.26428571,69.0,1.1,7.840000000000001
E05000164,South Norwood,80.6,22.68,4.46,8.9,117.1,0.78,346.2,1.364,3.88,69.64720706,95.0,2.0,7.62
E05000165,Thornton Heath,80.4,27.04,4.18,10.180000000000001,118.25999999999999,0.8200000000000001,334.0,1.384,3.1,98.76859012,61.0,1.3,7.1
E05000166,Upper Norwood,80.4,25.279999999999998,3.62,7.359999999999999,103.0,0.52,335.6,1.334,2.9,61.61832061,94.0,2.7,7.38
E05000167,Waddon,78.1,19.82,4.06,6.2,83.78,0.74,340.2,1.534,3.6399999999999997,47.03896817,41.0,1.4,7.2
E05000168,West Thornton,81.0,27.140000000000004,3.9599999999999995,7.32,116.88,0.9199999999999999,337.6,1.5379999999999998,3.04,88.9260385,32.0,1.4,7.58
E05000169,Woodside,81.8,23.4,3.9799999999999995,7.720000000000001,112.33999999999999,0.6,337.4,1.386,3.38,77.53576373,100.0,1.5,7.459999999999999
E05000170,Acton Central,82.6,17.52,4.48,6.58,136.07999999999998,0.38,345.8,0.9280000000000002,3.2600000000000002,87.2056338,0.0,5.8,7.62
E05000171,Cleveland,83.0,17.8,3.84,5.7,82.48,0.34,356.4,0.654,2.88,65.46594982,69.0,3.1,8.08
E05000172,Dormers Wells,80.6,26.080000000000002,4.84,8.52,98.22,0.5,331.6,0.688,3.2,61.78840195,97.0,1.2,7.779999999999999
E05000173,Ealing Broadway,81.5,14.540000000000001,2.5,3.2399999999999998,123.5,0.30000000000000004,355.6,0.766,4.66,75.81044696,48.0,3.0,7.840000000000001
E05000174,Ealing Common,80.8,18.240000000000002,2.94,4.779999999999999,110.12,0.30000000000000004,334.0,0.992,3.5,65.73831776,44.0,4.2,7.92
E05000175,East Acton,82.3,20.800000000000004,3.7000000000000006,6.779999999999999,86.82000000000001,0.7999999999999999,334.8,1.15,4.0600000000000005,43.91151685,36.0,4.9,7.38
E05000176,Elthorne,81.1,20.04,4.279999999999999,5.58,112.4,0.6799999999999999,341.4,0.842,3.62,73.005,100.0,4.0,7.840000000000001
E05000177,Greenford Broadway,80.1,24.339999999999996,4.12,7.459999999999999,121.03999999999999,0.9200000000000002,327.6,0.916,3.2199999999999998,70.1665345,99.0,1.7,7.3
E05000178,Greenford Green,82.8,21.9,2.7600000000000002,4.78,80.6,0.33999999999999997,351.6,0.64,2.68,42.61165336,95.0,1.5,7.779999999999999
E05000179,Hanger Hill,85.0,19.520000000000003,1.72,3.1399999999999997,72.67999999999999,0.15999999999999998,355.6,0.716,3.6799999999999997,47.69700672,92.0,2.3,7.62
E05000180,Hobbayne,81.6,20.439999999999998,3.9200000000000004,5.6,83.47999999999999,0.34,350.0,0.7220000000000001,3.02,64.70561594,98.0,3.2,7.68
E05000181,Lady Margaret,80.9,19.3,3.5200000000000005,6.539999999999999,84.1,0.44000000000000006,341.6,0.718,2.88,90.59129305,87.0,1.0,7.94
E05000182,Northfield,83.9,15.320000000000002,1.7600000000000002,2.48,71.91999999999999,0.2,374.0,0.368,3.34,88.39087948,95.0,4.6,7.68
E05000183,North Greenford,84.3,23.0,2.54,4.180000000000001,82.46000000000001,0.54,351.0,0.808,2.68,45.4679803,94.0,1.2,6.9799999999999995
E05000184,Northolt Mandeville,82.8,22.34,3.8200000000000003,7.220000000000001,104.28,0.96,329.8,0.908,3.0,55.38517442,70.0,1.0,7.7
E05000185,Northolt West End,80.4,20.060000000000002,5.26,9.46,127.3,1.06,331.6,1.014,2.42,42.78184893,87.0,1.1,7.540000000000001
E05000186,Norwood Green,79.6,20.82,7.139999999999999,9.72,89.69999999999999,0.96,336.0,1.044,2.22,37.10068529,100.0,1.7,8.02
E05000187,Perivale,83.8,23.259999999999998,2.9199999999999995,4.9,86.06,0.32000000000000006,352.8,0.85,2.2399999999999998,45.76225854,98.0,2.5,7.220000000000001
E05000188,South Acton,79.2,24.04,4.82,6.9799999999999995,107.1,0.4600000000000001,342.0,0.8160000000000001,4.62,86.80628272,29.0,4.3,7.460000000000001
E05000189,Southall Broadway,80.9,24.96,5.0,8.64,152.94,0.82,337.6,0.7979999999999999,3.2600000000000002,83.09494451,87.0,1.0,8.18
E05000190,Southall Green,80.0,24.640000000000004,4.4,10.62,113.88,0.9,342.6,1.08,3.02,92.26498423,95.0,1.3,8.260000000000002
E05000191,Southfield,83.0,16.82,2.3400000000000003,3.2399999999999998,93.22,0.18,344.4,0.828,3.3200000000000003,94.26480836,54.0,6.2,7.38
E05000192,Walpole,81.9,12.559999999999999,2.38,3.46,102.58,0.19999999999999998,371.6,0.5319999999999999,3.72,91.28240109,47.0,5.1,7.92
E05000193,Bowes,84.2,22.18,3.38,6.860000000000001,87.98,0.4,337.6,1.2,3.7399999999999998,95.08417508,97.0,2.1,7.159999999999999
E05000194,Bush Hill Park,83.0,20.14,2.8600000000000003,3.96,71.5,0.45999999999999996,358.4,0.8939999999999999,2.7,55.38796516,54.0,1.6,7.4799999999999995
E05000195,Chase,79.5,20.3,4.46,6.38,69.7,1.32,331.6,1.208,1.8800000000000001,8.162181303,100.0,1.9,6.88
E05000196,Cockfosters,84.6,19.479999999999997,3.04,4.1,56.94,0.5,354.4,0.8160000000000001,2.52,13.3141155,73.0,0.7,7.32
E05000197,Edmonton Green,81.9,28.020000000000003,6.16,16.16,112.34,1.3599999999999999,325.0,1.938,3.9799999999999995,57.63822307,0.0,1.2,7.4799999999999995
E05000198,Enfield Highway,83.0,25.32,4.760000000000001,9.239999999999998,78.36,1.1800000000000002,317.8,1.5759999999999998,2.5,34.7143781,17.0,1.7,7.360000000000001
E05000199,Enfield Lock,79.2,26.919999999999998,4.24,9.9,76.42,0.6799999999999999,321.2,2.008,2.5599999999999996,50.91048908,56.0,1.7,7.12
E05000200,Grange,85.2,18.300000000000004,2.04,3.3600000000000003,78.32000000000001,0.44000000000000006,373.8,0.646,3.02,38.88009738,100.0,1.2,7.2
E05000201,Haselbury,82.3,24.68,5.1,9.98,87.42,0.8800000000000001,326.4,1.9619999999999997,3.06,90.95158598,0.0,1.1,7.720000000000001
E05000202,Highlands,84.9,18.84,3.8800000000000003,3.3600000000000003,42.2,0.44000000000000006,358.6,0.7680000000000001,2.5799999999999996,25.68789308,67.0,1.2,7.720000000000001
E05000203,Jubilee,80.7,27.139999999999997,4.5200000000000005,8.84,80.14000000000001,1.02,327.8,1.466,2.5,36.83001531,0.0,1.0,7.4799999999999995
E05000204,Lower Edmonton,81.1,29.720000000000006,5.159999999999999,10.68,79.66,0.6599999999999999,320.4,1.9579999999999997,3.3600000000000003,76.3908046,1.0,1.2,7.4
E05000205,Palmers Green,83.4,23.84,3.3200000000000003,5.8,96.58000000000001,0.48,348.4,1.1480000000000001,2.5,78.49046883,94.0,1.5,7.56
E05000206,Ponders End,80.4,28.479999999999997,4.74,12.48,87.35999999999999,1.1199999999999999,326.0,1.466,3.2400000000000007,44.40338505,28.0,1.4,7.32
E05000207,Southbury,83.0,22.839999999999996,4.4,7.62,89.16,0.9,324.4,1.41,3.1,50.91131285,12.0,2.0,7.279999999999999
E05000208,Southgate,82.6,20.82,2.7,4.4399999999999995,59.620000000000005,0.5,368.6,0.728,3.0599999999999996,53.97250093,79.0,0.8,7.8
E05000209,Southgate Green,83.0,17.96,3.0200000000000005,4.82,79.91999999999999,0.68,362.0,0.85,3.78,52.94230034,100.0,1.5,7.24
E05000210,Town,84.0,18.959999999999997,2.5599999999999996,3.9799999999999995,56.68000000000001,0.48,350.6,0.626,2.5599999999999996,67.0846395,77.0,1.6,7.68
E05000211,Turkey Street,80.3,25.02,5.24,9.120000000000001,104.56000000000002,0.76,316.2,1.8699999999999999,2.5,64.00974745,53.0,1.6,7.2
E05000212,Upper Edmonton,77.5,26.8,4.96,11.059999999999999,114.5,1.2399999999999998,322.8,1.7659999999999996,3.2199999999999998,65.85439457,27.0,1.3,7.8
E05000213,Winchmore Hill,82.1,16.82,2.88,3.8200000000000003,67.26,0.3,374.2,0.6599999999999999,2.74,48.86108089,100.0,1.4,7.720000000000001
E05000214,Abbey Wood,79.1,28.139999999999997,5.720000000000001,8.219999999999999,104.58,1.6199999999999999,325.0,1.73,3.0599999999999996,59.40444779,100.0,1.0,8.22
E05000215,Blackheath Westcombe,81.6,18.96,3.4,3.34,106.32000000000001,0.6399999999999999,363.2,1.276,3.4,60.47708138,100.0,4.8,7.62
E05000216,Charlton,78.2,23.32,5.08,7.1,87.0,0.74,335.8,1.5459999999999998,3.7600000000000002,70.97345133,67.0,3.1,7.62
E05000217,Coldharbour and New Eltham,81.3,21.6,3.84,5.0600000000000005,73.92,0.62,344.6,1.1079999999999999,2.82,51.41624166,46.0,1.2,7.94
E05000218,Eltham North,83.9,14.3,2.7399999999999998,3.9,83.17999999999999,0.4,366.2,0.8320000000000001,2.88,49.2745098,96.0,2.2,7.779999999999999
E05000219,Eltham South,82.4,21.82,3.3,5.2,97.03999999999999,0.76,347.0,1.402,3.2600000000000002,27.19256538,99.0,1.6,7.779999999999999
E05000220,Eltham West,79.2,20.4,5.4,6.360000000000001,95.67999999999999,0.9800000000000001,320.2,1.9880000000000002,2.98,43.01319044,89.0,1.5,7.860000000000001
E05000221,Glyndon,77.0,25.12,4.680000000000001,10.06,85.47999999999999,1.92,325.2,1.768,3.84,107.0129108,93.0,1.3,7.9799999999999995
E05000222,Greenwich West,81.1,24.32,3.08,5.1,127.82000000000001,0.6,337.0,1.566,4.32,59.28494816,100.0,4.2,7.94
E05000223,Kidbrooke with Hornfair,81.4,23.1,5.06,6.68,103.1,0.78,329.4,1.798,2.58,60.35323802,74.0,2.8,7.3
E05000224,Middle Park and Sutcliffe,81.6,23.279999999999994,5.5600000000000005,7.760000000000001,94.53999999999999,0.86,326.2,2.072,2.3600000000000003,41.26979294,95.0,2.8,7.7
E05000225,Peninsula,81.4,19.840000000000003,3.44,4.16,141.11999999999998,0.5999999999999999,333.8,1.6280000000000001,4.14,31.47478804,82.0,4.3,7.7
E05000226,Plumstead,80.8,23.48,3.88,9.74,102.06,2.2600000000000002,329.6,1.6219999999999999,3.44,71.43343258,100.0,0.9,7.5
E05000227,Shooters Hill,82.7,24.88,3.66,5.58,71.82,1.3399999999999999,348.2,1.2659999999999998,2.4,35.67989418,100.0,2.2,7.94
E05000228,Thamesmead Moorings,77.1,25.619999999999997,3.4799999999999995,8.38,87.97999999999999,1.8800000000000001,328.8,1.464,2.6,41.16815631,100.0,1.0,7.5
E05000229,Woolwich Common,79.1,21.68,5.4399999999999995,12.26,91.03999999999999,1.6199999999999999,328.6,1.6760000000000002,4.1,67.02290076,80.0,2.5,7.42
E05000230,Woolwich Riverside,78.1,25.72,5.24,10.14,110.1,1.26,322.4,2.006,4.3,60.06885759,60.0,1.6,7.82
E05000231,Brownswood,80.9,25.7,4.12,6.279999999999999,134.52,0.38,330.2,1.1320000000000001,5.840000000000001,132.6040428,100.0,10.8,7.159999999999999
E05000232,Cazenove,85.2,21.139999999999997,3.839999999999999,9.2,71.08,0.41999999999999993,333.2,0.8560000000000001,4.76,196.871345,100.0,12.4,7.32
E05000233,Chatham,80.3,28.339999999999996,5.38,13.560000000000002,123.86000000000001,1.18,324.0,1.016,5.78,146.2926293,73.0,14.8,7.18
E05000234,Clissold,80.8,18.22,4.38,6.180000000000001,111.75999999999999,0.30000000000000004,343.6,0.7,3.66,175.042735,98.0,18.9,7.0
E05000235,Dalston,80.3,23.22,4.220000000000001,11.42,203.57999999999998,0.5599999999999999,328.8,1.244,5.619999999999999,159.7950378,0.0,18.3,7.32
E05000236,De Beauvoir,78.5,25.259999999999998,3.9800000000000004,9.059999999999999,146.85999999999999,0.7,332.6,1.184,4.640000000000001,154.3307087,33.0,14.1,7.359999999999999
E05000237,Hackney Central,79.8,27.020000000000003,4.9799999999999995,11.059999999999999,118.92,0.38,332.8,1.18,6.68,161.7820513,8.0,16.9,7.18
E05000238,Hackney Downs,80.3,21.22,5.2,11.040000000000001,118.62,0.42000000000000004,328.0,1.174,5.34,127.6522593,98.0,17.7,7.08
E05000239,Haggerston,80.1,28.76,4.72,10.1,112.46,1.0,321.4,1.122,5.26,112.3813355,73.0,11.9,7.6
E05000240,Hoxton,80.5,26.840000000000003,5.319999999999999,9.32,87.58000000000001,0.54,324.0,1.316,5.6000000000000005,181.5137068,2.0,10.4,7.5200000000000005
E05000241,King's Park,82.0,27.639999999999997,6.08,12.6,94.22,0.5199999999999999,325.8,1.04,3.04,61.47739802,100.0,13.4,7.26
E05000242,Leabridge,77.3,23.340000000000003,4.32,11.14,112.47999999999999,0.5399999999999999,331.8,1.146,4.28,132.6973684,100.0,15.9,7.24
E05000243,Lordship,81.2,21.860000000000003,4.720000000000001,6.8,79.05999999999999,0.52,334.2,0.9540000000000001,3.7,103.6607893,100.0,13.6,7.159999999999999
E05000244,New River,82.5,27.160000000000004,4.9399999999999995,8.3,84.85999999999999,0.5399999999999999,336.6,1.2260000000000002,4.9799999999999995,128.301119,100.0,6.6,7.32
E05000245,Queensbridge,80.9,24.919999999999998,5.4,12.040000000000001,163.38,0.62,327.8,1.22,4.220000000000001,127.2222222,54.0,19.1,7.359999999999999
E05000246,Springfield,80.8,25.300000000000004,5.9399999999999995,10.440000000000001,73.74000000000001,0.58,334.2,1.1,3.1,130.7037815,100.0,6.9,7.4
E05000247,Stoke Newington Central,82.2,24.86,4.24,8.440000000000001,145.68,0.44000000000000006,332.0,1.012,5.16,175.8988764,69.0,18.8,7.4799999999999995
E05000248,Victoria,79.5,24.82,5.8999999999999995,11.32,151.72000000000003,0.8400000000000001,331.8,1.176,4.659999999999999,165.460199,100.0,15.8,7.9799999999999995
E05000249,Wick,77.8,29.360000000000003,6.919999999999999,11.939999999999998,121.32000000000001,0.8,316.6,1.294,3.96,72.24264706,100.0,14.6,7.5
E05000250,Addison,82.5,27.839999999999996,4.02,4.779999999999999,137.16000000000003,0.13999999999999999,343.4,1.0539999999999998,6.38,208.8426763,19.0,7.5,7.74
E05000251,Askew,82.1,23.419999999999998,5.14,6.8199999999999985,118.17999999999999,0.27999999999999997,341.2,1.3059999999999998,3.54,186.9828722,89.0,8.9,7.9799999999999995
E05000252,Avonmore and Brook Green,82.2,21.72,3.16,4.42,65.04,0.18,356.6,1.096,5.88,136.6368715,8.0,6.3,7.82
E05000253,College Park and Old Oak,79.2,22.759999999999998,5.3,7.9,58.279999999999994,1.6400000000000001,329.0,1.6300000000000001,4.640000000000001,26.71802326,100.0,4.7,7.74
E05000254,Fulham Broadway,79.4,25.72,4.24,5.040000000000001,139.28000000000003,0.24000000000000005,342.4,1.2399999999999998,5.06,165.0374813,62.0,7.8,7.540000000000001
E05000255,Fulham Reach,81.1,26.4,3.3600000000000003,4.04,76.14000000000001,0.6,354.4,1.2319999999999998,3.84,128.0612245,15.0,8.0,7.540000000000001
E05000256,Hammersmith Broadway,78.9,26.02,5.040000000000001,6.0600000000000005,103.66,0.38,336.2,1.27,5.9799999999999995,108.125,95.0,7.3,7.62
E05000257,Munster,82.8,20.52,2.6800000000000006,2.84,101.3,0.08,345.0,1.174,3.7,176.9502408,89.0,8.7,7.460000000000001
E05000258,North End,80.4,26.720000000000006,4.119999999999999,4.88,99.52,0.54,350.4,1.504,5.24,181.69279,26.0,6.2,7.7
E05000259,Palace Riverside,84.4,10.76,1.8800000000000001,1.9999999999999996,90.1,0.26,369.6,0.8039999999999999,3.84,50.66846725,100.0,9.8,8.02
E05000260,Parsons Green and Walham,83.1,24.04,2.8000000000000003,3.1,118.8,0.12000000000000002,348.6,1.616,4.699999999999999,120.7238307,56.0,6.5,7.779999999999999
E05000261,Ravenscourt Park,79.5,20.8,4.32,4.38,122.42,0.31999999999999995,350.2,1.142,4.16,88.6557377,100.0,8.4,7.9
E05000262,Sands End,82.4,23.52,3.6399999999999997,4.58,70.72,0.32,341.4,1.448,3.1,92.78867102,6.0,7.7,8.1
E05000263,Shepherd's Bush Green,79.8,20.3,5.4,7.8,163.0,0.5,353.0,1.082,5.6,114.3111528,95.0,7.9,7.74
E05000264,Town,84.3,23.8,2.9,3.9799999999999995,121.5,0.12,344.8,1.3219999999999998,4.74,172.7076923,77.0,6.9,8.1
E05000265,Wormholt and White City,82.6,27.22,5.760000000000001,9.38,106.13999999999999,0.36,341.0,1.4,3.12,148.3738938,89.0,6.3,7.9
E05000266,Alexandra,83.5,11.719999999999999,1.9200000000000004,3.7,106.34,0.32,375.2,0.8619999999999999,3.06,45.44202067,100.0,4.6,7.1
E05000267,Bounds Green,81.3,23.759999999999998,4.24,7.8,110.56000000000002,0.44000000000000006,329.2,1.544,4.720000000000001,99.76878613,100.0,2.6,7.340000000000001
E05000268,Bruce Grove,81.0,27.02,5.24,13.9,117.04,0.42000000000000004,315.0,1.782,4.42,156.5306122,52.0,4.5,7.4
E05000269,Crouch End,84.7,11.819999999999999,2.16,3.3199999999999994,110.55999999999999,0.42000000000000004,354.8,0.752,3.3,86.65972222,100.0,7.6,7.42
E05000270,Fortis Green,82.6,10.02,2.4399999999999995,3.6399999999999997,86.8,0.6200000000000001,371.6,1.014,3.1,63.01404213,100.0,5.1,7.18
E05000271,Harringay,82.5,24.9,4.02,8.94,135.51999999999998,0.38000000000000006,332.8,1.466,4.76,85.44814341,100.0,6.8,7.5
E05000272,Highgate,85.1,12.36,2.2199999999999998,3.4799999999999995,90.84,0.33999999999999997,328.6,1.2680000000000002,3.5799999999999996,46.84273709,100.0,5.9,7.340000000000001
E05000273,Hornsey,82.7,19.44,4.68,8.58,92.32000000000001,0.52,324.6,1.198,3.08,120.7582938,99.0,6.9,7.340000000000001
E05000274,Muswell Hill,84.8,12.040000000000001,2.1,3.2399999999999998,104.62,0.5800000000000001,372.6,0.9860000000000001,3.16,65.69612591,100.0,6.6,7.340000000000001
E05000275,Noel Park,81.1,29.020000000000003,5.619999999999999,11.84,199.6,1.3600000000000003,314.6,1.918,5.92,113.8943089,41.0,3.2,7.340000000000001
E05000276,Northumberland Park,80.1,28.52,7.32,19.660000000000004,115.62,0.82,317.4,1.478,3.9200000000000004,77.11630377,93.0,2.2,7.74
E05000277,St Ann's,81.2,22.22,4.68,9.7,96.52000000000001,0.5599999999999999,319.6,1.6279999999999997,3.6399999999999997,134.165907,58.0,6.0,7.58
E05000278,Seven Sisters,82.1,24.82,4.819999999999999,10.22,99.52000000000001,0.52,329.2,1.42,4.34,124.3266254,100.0,5.3,7.8
E05000279,Stroud Green,81.1,17.68,4.0,5.66,102.44000000000001,0.45999999999999996,345.6,1.174,3.9799999999999995,108.0456621,98.0,9.0,7.659999999999999
E05000280,Tottenham Green,78.8,27.720000000000006,5.700000000000001,11.780000000000001,141.7,0.54,312.2,1.5779999999999998,5.720000000000001,107.7590007,51.0,4.1,7.32
E05000281,Tottenham Hale,81.0,26.6,5.18,12.16,119.16,1.08,314.8,1.5639999999999998,4.32,79.22030351,99.0,2.3,7.720000000000001
E05000282,West Green,82.7,22.880000000000003,5.58,11.24,102.92,0.6799999999999999,322.8,1.432,3.8599999999999994,96.15879828,38.0,4.2,7.0
E05000283,White Hart Lane,80.0,27.080000000000002,6.860000000000001,13.039999999999997,104.21999999999998,0.8600000000000001,319.6,1.7120000000000002,3.2400000000000007,79.58161461,87.0,2.2,7.18
E05000284,Woodside,81.6,22.740000000000002,4.76,9.52,81.16,0.58,332.0,1.636,4.6,97.84852547,46.0,2.2,7.58
E05000285,Belmont,85.4,17.6,2.06,3.0200000000000005,68.36,0.24000000000000005,360.2,0.458,1.72,64.28892636,99.0,0.5,7.659999999999999
E05000286,Canons,83.8,18.080000000000002,2.18,3.1799999999999997,55.2,0.25999999999999995,357.4,0.7699999999999999,2.66,22.33173504,96.0,0.5,7.42
E05000287,Edgware,84.5,21.82,3.0,4.74,80.54,0.44000000000000006,347.2,0.718,2.9,83.8401142,55.0,0.4,7.42
E05000288,Greenhill,81.7,17.580000000000002,3.8200000000000003,4.840000000000001,101.32,0.34,340.4,0.7979999999999999,4.08,71.75157413,64.0,0.9,7.32
E05000289,Harrow on the Hill,83.5,18.68,2.9200000000000004,3.44,66.02000000000001,0.21999999999999997,351.4,0.6,3.14,34.65454545,81.0,1.0,7.640000000000001
E05000290,Harrow Weald,82.7,19.06,3.56,4.4399999999999995,75.6,0.6199999999999999,345.0,0.922,2.5,24.99673131,74.0,0.6,7.4
E05000291,Hatch End,84.5,17.339999999999996,2.2199999999999998,2.5199999999999996,59.74000000000001,0.4,361.6,0.6139999999999999,2.12,32.83754953,95.0,0.6,7.88
E05000292,Headstone North,86.4,19.94,1.78,2.6,56.339999999999996,0.13999999999999999,375.2,0.35,2.6399999999999997,30.8831563,85.0,1.0,7.159999999999999
E05000293,Headstone South,83.8,16.28,2.54,3.7399999999999998,59.739999999999995,0.22000000000000003,363.2,0.47400000000000003,2.98,76.8125855,22.0,1.4,7.4799999999999995
E05000294,Kenton East,84.1,20.62,3.2399999999999998,4.04,58.24000000000001,0.42000000000000004,351.6,0.462,2.4,87.61904762,48.0,0.2,7.5
E05000295,Kenton West,83.8,15.919999999999998,2.3,3.28,62.84000000000001,0.4,359.6,0.442,2.82,63.76770538,45.0,0.5,7.58
E05000296,Marlborough,83.2,19.62,3.22,5.880000000000001,77.38,0.4,343.0,0.778,3.6399999999999997,75.13365735,4.0,1.4,7.4
E05000297,Pinner,85.2,17.08,3.2,2.8,64.96000000000001,0.26,356.8,0.6699999999999999,1.8800000000000001,30.91131498,100.0,0.9,7.08
E05000298,Pinner South,88.5,14.5,1.8400000000000003,2.2,49.76,0.18,379.4,0.28,2.1,44.61963451,100.0,0.9,7.4
E05000299,Queensbury,82.6,18.52,2.6599999999999997,3.84,71.25999999999999,0.14,360.6,0.438,2.5,74.92250465,14.0,0.4,7.42
E05000300,Rayners Lane,84.4,17.36,2.12,3.16,57.839999999999996,0.21999999999999997,364.0,0.462,3.2399999999999998,73.32026144,75.0,0.7,7.56
E05000301,Roxbourne,83.4,19.9,4.26,5.4799999999999995,70.91999999999999,0.58,338.0,0.7020000000000001,2.96,85.90969456,19.0,0.7,7.32
E05000302,Roxeth,83.0,17.880000000000003,2.5200000000000005,4.82,91.9,0.26,347.6,0.5820000000000001,3.0200000000000005,74.63832487,37.0,0.9,7.08
E05000303,Stanmore Park,84.6,16.240000000000002,3.820000000000001,3.22,69.72,0.5599999999999999,343.0,0.758,1.92,25.4061939,100.0,0.9,7.42
E05000304,Wealdstone,80.9,20.479999999999997,3.7399999999999998,6.480000000000001,84.47999999999999,0.24,331.8,0.852,3.1399999999999997,96.33696563,5.0,1.0,7.24
E05000305,West Harrow,84.4,22.52,2.8600000000000003,4.26,54.739999999999995,0.13999999999999999,354.0,0.564,3.22,68.75739645,72.0,1.2,7.640000000000001
E05000306,Brooklands,79.1,26.46,3.2399999999999998,5.06,64.98,0.8400000000000001,327.8,0.952,2.84,35.78433706,21.0,1.4,7.9
E05000307,Cranham,85.6,13.919999999999998,2.0,2.66,42.86,0.44000000000000006,360.4,0.43,2.2,19.18547895,68.0,0.7,7.860000000000001
E05000308,Elm Park,82.1,21.740000000000002,2.96,4.92,70.9,0.9200000000000002,325.2,1.048,2.68,34.1423507,100.0,1.0,7.779999999999999
E05000309,Emerson Park,81.5,15.580000000000002,2.1399999999999997,2.5800000000000005,58.98,0.28,357.4,0.4720000000000001,2.0,25.91722354,9.0,0.6,8.459999999999999
E05000310,Gooshays,79.0,25.619999999999997,6.919999999999999,8.7,106.3,2.46,306.2,1.5139999999999998,2.6,19.02332174,100.0,0.8,7.540000000000001
E05000311,Hacton,82.7,13.439999999999998,2.2199999999999998,3.3,47.38,0.2,341.6,0.538,2.46,50.01219017,86.0,0.8,7.860000000000001
E05000312,Harold Wood,81.6,17.619999999999997,4.04,4.66,69.38,1.02,344.8,0.6900000000000001,2.4,16.72722486,82.0,0.8,7.7
E05000313,Havering Park,79.2,16.919999999999998,4.34,6.04,64.66,0.7000000000000001,316.8,1.1620000000000001,2.1,13.3408255,98.0,0.7,7.7
E05000314,Heaton,78.9,24.9,6.56,8.52,85.58,1.44,314.6,1.316,2.08,36.97218155,29.0,0.9,7.220000000000001
E05000315,Hylands,84.7,15.959999999999999,2.36,3.4,77.46,0.74,343.6,0.576,2.1,44.80358374,52.0,1.0,7.9
E05000316,Mawneys,84.0,21.419999999999998,3.1599999999999997,4.7,72.46000000000001,0.44000000000000006,323.2,0.9400000000000001,2.42,42.56477534,75.0,1.1,7.94
E05000317,Pettits,82.7,15.8,2.62,3.1399999999999997,65.22,0.44000000000000006,346.6,0.628,2.16,32.9091829,41.0,0.9,7.860000000000001
E05000318,Rainham and Wennington,82.3,23.759999999999998,3.54,5.1,84.47999999999999,1.16,327.0,0.792,1.9600000000000002,7.417751479,76.0,0.8,7.3
E05000319,Romford Town,82.6,22.18,3.38,5.1,140.84,0.76,335.6,0.8160000000000001,4.279999999999999,55.8478716,29.0,1.0,7.659999999999999
E05000320,St Andrew's,82.1,19.080000000000002,2.7199999999999998,3.9400000000000004,79.67999999999999,0.5800000000000001,346.2,0.49799999999999994,3.28,49.84741347,15.0,0.9,7.82
E05000321,South Hornchurch,80.2,24.46,4.08,6.62,82.9,1.2,320.6,0.8960000000000001,2.42,19.86563458,97.0,1.2,7.62
E05000322,Squirrel's Heath,82.8,17.16,2.38,3.66,62.379999999999995,0.36,350.2,0.5700000000000001,2.6399999999999997,50.08314437,13.0,0.7,7.82
E05000323,Upminster,82.5,11.7,1.54,1.9599999999999997,55.48,0.6799999999999999,362.8,0.42400000000000004,1.98,5.71758232,70.0,0.7,7.540000000000001
E05000324,Barnhill,80.8,25.580000000000005,3.5,6.38,127.0,1.22,338.2,1.084,2.4,63.99244927,100.0,1.2,7.12
E05000325,Botwell,78.1,25.72,4.04,7.4,70.4,1.94,330.6,1.278,2.86,34.67978042,75.0,1.6,7.279999999999999
E05000326,Brunel,80.3,21.56,2.96,3.54,78.04,0.8200000000000001,331.2,1.142,2.68,42.47787611,72.0,1.8,7.5
E05000327,Cavendish,83.5,15.88,1.9400000000000002,2.5200000000000005,55.74000000000001,0.36,361.6,0.438,2.1,58.34575261,100.0,1.2,7.38
E05000328,Charville,81.4,22.22,2.54,4.4,77.44,0.8400000000000001,341.0,0.836,2.24,42.77161117,75.0,1.4,7.279999999999999
E05000329,Eastcote and East Ruislip,86.2,12.64,1.8199999999999998,2.1,64.48,0.52,366.6,0.39,1.9599999999999997,30.13307048,95.0,1.2,7.94
E05000330,Harefield,80.1,19.419999999999998,3.9,3.56,59.48,2.3400000000000003,335.6,0.9019999999999999,1.3800000000000001,4.900814503,100.0,1.4,7.62
E05000331,Heathrow Villages,81.0,23.32,2.4,4.2,66.4,1.7200000000000002,331.0,1.374,2.58,5.235706695,42.0,1.4,7.860000000000001
E05000332,Hillingdon East,80.9,19.4,2.7,4.380000000000001,84.76,0.58,344.4,0.7979999999999999,1.94,36.20756817,99.0,1.5,7.58
E05000333,Ickenham,85.0,13.62,1.6199999999999999,1.7600000000000002,51.1,0.76,369.0,0.364,2.04,16.84549702,100.0,1.6,7.540000000000001
E05000334,Manor,83.4,11.04,1.5399999999999998,2.52,73.30000000000001,0.24,352.4,0.388,2.98,58.43971631,83.0,1.1,7.540000000000001
E05000335,Northwood,83.8,11.1,2.92,2.3400000000000003,55.779999999999994,0.19999999999999998,363.6,0.8239999999999998,2.2,14.23980556,91.0,0.8,7.62
E05000336,Northwood Hills,83.8,16.400000000000002,3.12,2.7199999999999998,61.30000000000001,0.5599999999999998,351.2,0.702,2.12,35.06911058,100.0,1.0,7.3
E05000337,Pinkwell,82.4,21.580000000000002,3.3600000000000003,6.44,100.32000000000001,1.16,327.4,1.3219999999999998,2.56,54.27842566,0.0,1.1,7.540000000000001
E05000338,South Ruislip,81.5,18.400000000000002,2.2199999999999998,3.5799999999999996,70.4,0.8,343.8,0.718,2.56,16.82903792,64.0,2.0,7.779999999999999
E05000339,Townfield,79.6,24.959999999999997,4.08,7.94,126.51999999999998,1.3000000000000003,331.6,1.31,2.96,40.65180103,97.0,1.4,7.68
E05000340,Uxbridge North,82.8,15.039999999999997,2.7399999999999998,2.9,92.32,0.6399999999999999,359.2,0.776,2.3600000000000003,26.20548241,93.0,1.5,7.18
E05000341,Uxbridge South,80.9,20.860000000000003,3.02,4.640000000000001,63.519999999999996,0.82,344.0,1.028,2.42,45.16201476,100.0,2.1,7.5
E05000342,West Drayton,79.1,23.68,4.12,5.54,96.72,1.4,313.6,1.38,2.2199999999999998,41.53581662,78.0,1.9,7.779999999999999
E05000343,West Ruislip,81.9,13.1,2.18,2.3800000000000003,84.86,0.58,352.8,0.6120000000000001,2.3600000000000003,24.3690205,94.0,1.5,7.3
E05000344,Yeading,81.4,25.060000000000002,4.0600000000000005,5.9399999999999995,128.3,0.96,335.0,1.1460000000000001,2.0,58.80789022,100.0,1.6,7.279999999999999
E05000345,Yiewsley,81.3,24.52,3.94,5.860000000000001,87.63999999999999,1.8,315.6,1.3359999999999999,2.44,32.61649639,100.0,2.2,8.02
E05000346,Bedfont,79.5,23.580000000000002,3.3600000000000003,5.720000000000001,70.1,3.0199999999999996,330.0,1.464,2.0,28.72273443,100.0,3.0,7.5
E05000347,Brentford,82.6,21.68,4.26,4.140000000000001,68.28,0.6199999999999999,343.4,0.998,3.16,45.26513963,85.0,5.0,7.460000000000001
E05000348,Chiswick Homefields,83.0,17.08,2.2,2.54,98.35999999999999,0.5,363.8,0.576,3.6,50.57180851,95.0,6.9,7.779999999999999
E05000349,Chiswick Riverside,84.7,20.62,2.82,2.7199999999999998,96.94000000000001,0.33999999999999997,361.8,0.752,2.88,55.79048534,100.0,7.0,7.3
E05000350,Cranford,81.5,24.200000000000003,4.22,6.26,86.8,0.6599999999999999,344.2,1.424,2.4,45.50863019,83.0,1.8,7.18
E05000351,Feltham North,77.3,25.8,3.56,4.819999999999999,69.58,1.2999999999999998,338.4,1.2879999999999998,2.88,34.3498818,100.0,2.9,7.5
E05000352,Feltham West,82.4,25.420000000000005,2.9600000000000004,4.540000000000001,103.64000000000001,2.6799999999999997,326.6,1.424,2.2600000000000002,49.13890635,100.0,2.9,7.340000000000001
E05000353,Hanworth,82.1,23.72,4.74,5.92,98.98,1.64,319.2,1.52,2.5,37.59458628,100.0,3.5,7.659999999999999
E05000354,Hanworth Park,81.3,23.220000000000006,3.3200000000000003,4.0600000000000005,83.0,2.5,330.4,1.2999999999999998,2.46,31.50782752,100.0,2.7,7.26
E05000355,Heston Central,80.7,23.979999999999997,3.78,4.859999999999999,98.93999999999998,0.54,351.2,1.246,2.8600000000000003,73.28783383,17.0,1.5,7.340000000000001
E05000356,Heston East,83.4,24.5,3.0400000000000005,4.76,83.56,0.4800000000000001,355.4,1.092,2.28,61.77145709,66.0,1.1,7.340000000000001
E05000357,Heston West,81.6,27.259999999999998,4.340000000000001,7.12,102.08000000000001,1.2400000000000002,346.4,1.414,2.2,32.63185379,45.0,1.2,7.26
E05000358,Hounslow Central,83.0,21.3,2.82,4.18,166.88,0.45999999999999996,354.0,1.23,4.9,87.88018433,14.0,1.5,7.42
E05000359,Hounslow Heath,83.2,26.520000000000003,3.2199999999999998,5.640000000000001,102.12000000000002,0.8399999999999999,346.4,1.48,3.1,53.12522426,57.0,2.0,7.74
E05000360,Hounslow South,85.4,22.800000000000004,2.18,3.3,73.0,0.42000000000000004,363.6,0.984,2.42,63.94868935,69.0,3.5,7.74
E05000361,Hounslow West,78.9,26.119999999999997,3.4799999999999995,4.74,119.54,0.7,344.4,1.1720000000000002,3.9199999999999995,78.4515731,51.0,1.5,7.1
E05000362,Isleworth,81.1,20.82,4.9,4.779999999999999,84.34,0.54,332.4,1.308,2.2,59.30083703,100.0,4.7,7.9
E05000363,Osterley and Spring Grove,83.1,17.28,1.94,3.2600000000000002,60.260000000000005,0.42000000000000004,370.0,0.914,2.84,20.67697649,87.0,2.8,7.58
E05000364,Syon,78.0,22.02,4.040000000000001,4.56,78.28,0.45999999999999996,336.2,1.152,3.5,47.8085554,76.0,4.4,7.94
E05000365,Turnham Green,83.9,17.22,2.62,2.7199999999999998,66.08000000000001,0.36000000000000004,350.8,0.764,4.540000000000001,65.22083805,100.0,5.0,7.460000000000001
E05000366,Barnsbury,79.0,23.84,4.72,5.26,151.52,0.38,329.2,1.526,5.58,147.3253012,32.0,9.7,7.68
E05000367,Bunhill,81.1,25.42,4.0600000000000005,7.279999999999999,46.260000000000005,0.8,328.6,1.3,6.62,134.3250689,0.0,7.3,7.0200000000000005
E05000368,Caledonian,80.4,26.579999999999995,5.58,6.7,88.34,1.08,320.2,1.4920000000000002,5.340000000000001,122.3989455,57.0,8.2,8.08
E05000369,Canonbury,82.6,25.98,6.16,7.1800000000000015,138.7,0.44000000000000006,318.0,1.668,6.16,150.0495663,100.0,9.0,7.58
E05000370,Clerkenwell,83.9,20.359999999999996,5.0,5.580000000000001,66.34,0.7,328.2,1.5859999999999999,6.5,122.9197861,0.0,8.4,7.5
E05000371,Finsbury Park,78.0,26.419999999999998,6.199999999999999,9.959999999999999,182.94,0.6,337.4,1.1960000000000002,6.160000000000001,157.2052402,72.0,8.2,7.239999999999999
E05000372,Highbury East,82.3,15.620000000000001,4.1,4.44,119.7,0.33999999999999997,337.2,1.0379999999999998,4.76,116.3247012,97.0,12.9,7.8
E05000373,Highbury West,80.7,20.6,4.26,6.24,72.4,0.48,342.8,0.9479999999999998,5.9399999999999995,139.4731978,98.0,10.2,7.639999999999999
E05000374,Hillrise,80.1,17.9,6.279999999999999,8.2,101.53999999999999,0.5,332.8,1.3,4.22,143.3818182,100.0,8.0,7.4
E05000375,Holloway,80.2,21.080000000000002,6.180000000000001,6.92,108.64000000000001,0.6000000000000001,325.0,1.332,5.839999999999999,148.6818632,86.0,8.8,7.76
E05000376,Junction,78.4,19.46,6.08,7.3,102.97999999999999,0.56,326.0,1.402,5.720000000000001,117.2859922,74.0,9.4,7.640000000000001
E05000377,Mildmay,81.1,24.340000000000003,5.86,7.42,134.20000000000002,0.4,325.0,1.32,5.840000000000001,156.8765133,83.0,13.2,7.4
E05000378,St George's,81.4,26.380000000000003,5.74,7.42,120.42,0.38,336.2,1.394,4.4399999999999995,147.0212766,28.0,11.4,7.56
E05000379,St Mary's,80.8,21.38,5.36,5.56,190.56,0.5399999999999999,318.8,1.504,6.7,133.3716916,89.0,8.9,8.0
E05000380,St Peter's,78.4,26.119999999999997,5.16,5.3,135.07999999999998,0.64,308.8,1.6119999999999997,5.200000000000001,146.4197531,68.0,9.7,7.5
E05000381,Tollington,81.4,20.12,6.58,8.42,127.01999999999998,0.74,336.2,1.1640000000000001,4.1,157.6151122,97.0,9.5,7.4799999999999995
E05000382,Abingdon,85.7,23.580000000000005,2.58,2.8800000000000003,81.75999999999999,0.02,386.8,0.958,6.459999999999999,159.1732909,100.0,4.7,7.88
E05000383,Brompton,86.0,23.199999999999996,1.4,1.52,92.33999999999999,0.06000000000000001,363.8,0.992,6.92,92.58638743,97.0,2.9,7.959999999999999
E05000384,Campden,88.1,23.199999999999996,1.46,1.3,96.86,0.06000000000000001,376.6,0.588,6.8199999999999985,89.76973684,100.0,5.0,7.88
E05000385,Colville,82.8,27.2,5.619999999999999,6.8,204.88000000000002,0.22000000000000003,362.0,1.192,5.459999999999999,214.0920716,76.0,7.7,7.88
E05000386,Courtfield,88.5,23.199999999999996,1.7799999999999998,2.62,113.2,0.04,361.8,0.518,6.9399999999999995,185.1244813,99.0,3.7,7.639999999999999
E05000387,Cremorne,84.7,26.339999999999996,6.800000000000002,4.74,93.11999999999999,0.1,350.2,1.082,4.34,130.2941176,100.0,4.4,8.04
E05000388,Earl's Court,82.2,21.119999999999997,4.98,4.88,132.5,0.1,374.2,0.798,7.0,197.9738562,100.0,3.8,7.88
E05000389,Golborne,80.2,26.98,8.940000000000001,12.04,132.20000000000002,0.27999999999999997,342.4,1.184,4.359999999999999,94.21496312,100.0,5.9,7.88
E05000390,Hans Town,86.6,21.4,2.38,2.16,87.52000000000001,0.08,348.2,1.006,6.8,159.2753623,75.0,3.1,7.4799999999999995
E05000391,Holland,89.8,18.5,2.32,3.06,92.34,0.06000000000000001,379.6,1.298,5.72,94.04234841,100.0,4.5,7.8
E05000392,Norland,84.7,27.640000000000004,4.639999999999999,4.84,88.64,0.12,361.4,0.8859999999999999,5.56,119.4635488,72.0,5.8,7.88
E05000393,Notting Barns,81.4,23.1,7.0200000000000005,8.98,104.28,0.3,353.0,0.974,4.04,153.1460674,33.0,7.4,8.12
E05000394,Pembridge,84.2,19.6,2.12,2.62,190.54,0.15999999999999998,358.2,0.7620000000000001,7.08,156.8852459,94.0,4.8,8.28
E05000395,Queen's Gate,88.5,23.199999999999996,0.6200000000000001,1.5799999999999996,64.46000000000001,0.08,342.0,0.678,6.08,162.6280992,100.0,4.1,7.639999999999999
E05000396,Redcliffe,86.6,15.86,2.64,3.2800000000000002,111.67999999999999,0.04,351.8,0.8019999999999999,6.1,133.2132565,100.0,5.0,7.959999999999999
E05000397,Royal Hospital,82.9,23.199999999999996,2.2399999999999998,1.8199999999999998,99.08,0.0,342.8,0.8800000000000001,4.42,80.54384018,100.0,4.4,7.4799999999999995
E05000398,St Charles,78.3,23.519999999999996,7.92,8.58,99.26000000000002,0.42000000000000004,347.4,1.526,3.7,131.7771509,99.0,6.8,7.88
E05000399,Stanley,83.5,20.119999999999997,2.06,1.92,60.86,0.2,337.0,0.884,5.5,123.4992459,83.0,4.0,7.88
E05000400,Alexandra,85.2,16.8,1.52,2.3999999999999995,55.760000000000005,0.38,365.2,0.356,2.12,34.63952185,100.0,3.9,7.340000000000001
E05000401,Berrylands,81.2,12.440000000000001,2.82,2.5,45.760000000000005,0.33999999999999997,354.0,0.492,2.5200000000000005,65.22727273,100.0,4.6,7.82
E05000402,Beverley,81.3,15.9,2.96,2.9,71.12,0.72,361.0,0.6639999999999999,2.66,53.93085106,60.0,4.4,7.74
E05000403,Canbury,83.4,10.299999999999999,1.9999999999999996,2.14,58.86,0.12000000000000002,365.8,0.562,3.84,100.0886382,97.0,6.1,7.58
E05000404,Chessington North and Hook,83.7,20.740000000000002,2.66,3.02,55.68000000000001,0.64,329.4,0.8,2.34,45.44841887,38.0,2.5,7.659999999999999
E05000405,Chessington South,83.5,18.880000000000003,2.22,2.52,51.68000000000001,0.9,337.6,0.672,2.2600000000000002,13.59110169,96.0,2.3,7.659999999999999
E05000406,Coombe Hill,84.0,15.8,1.3399999999999999,2.58,44.46,0.22000000000000003,349.2,0.8400000000000001,2.46,23.51020408,88.0,3.2,7.9799999999999995
E05000407,Coombe Vale,84.6,13.040000000000001,1.48,2.1399999999999997,41.88,0.24,377.8,0.538,2.3,59.36247723,25.0,4.3,7.82
E05000408,Grove,83.1,13.459999999999999,2.2600000000000002,2.48,137.82,0.8400000000000001,339.6,0.764,4.180000000000001,57.140625,41.0,4.7,7.42
E05000409,Norbiton,78.8,22.58,3.4799999999999995,4.86,76.32,0.76,321.4,1.2280000000000002,3.44,75.16320475,5.0,5.4,7.659999999999999
E05000410,Old Malden,85.5,19.84,2.0599999999999996,2.26,48.160000000000004,0.36,361.6,0.646,2.46,52.39889197,84.0,2.3,7.58
E05000411,St James,81.9,18.18,2.12,2.5,50.64,0.72,372.4,0.534,2.58,41.51822796,29.0,3.0,7.58
E05000412,St Mark's,83.0,11.76,1.5400000000000003,3.12,72.66,0.34,367.0,0.378,3.7,76.06831395,65.0,4.2,7.58
E05000413,Surbiton Hill,81.1,13.86,2.2,2.0799999999999996,45.620000000000005,0.34,350.2,0.49800000000000005,3.12,63.08293269,97.0,3.7,7.5
E05000414,Tolworth and Hook Rise,83.5,16.82,2.08,2.9,57.019999999999996,0.9800000000000001,341.0,0.6359999999999999,2.2,37.98458574,61.0,2.9,7.5
E05000415,Tudor,85.9,10.1,1.4200000000000004,2.06,51.32000000000001,0.4,384.4,0.4640000000000001,2.28,60.70120025,100.0,7.0,7.42
E05000416,Bishop's,80.9,24.020000000000003,3.8,6.279999999999999,63.04,0.48,335.0,1.2799999999999998,7.4799999999999995,63.22685789,10.0,6.4,7.220000000000001
E05000417,Brixton Hill,78.8,20.64,3.499999999999999,7.8,121.26000000000002,0.5800000000000001,327.8,1.344,4.9,141.1603189,59.0,10.1,7.6
E05000418,Clapham Common,80.7,21.12,2.7600000000000002,3.8800000000000003,134.44,0.43999999999999995,338.8,1.198,4.26,96.39612807,90.0,8.8,7.68
E05000419,Clapham Town,77.4,19.380000000000003,3.78,5.0600000000000005,236.8,0.76,342.8,1.092,5.18,124.0357143,100.0,8.6,7.6
E05000420,Coldharbour,80.8,23.060000000000002,5.220000000000001,14.26,200.00000000000003,0.6599999999999999,324.2,1.438,5.279999999999999,139.6771523,64.0,8.0,7.5200000000000005
E05000421,Ferndale,80.6,27.660000000000004,4.26,6.68,231.85999999999999,0.36,324.0,1.254,6.3,177.3739742,30.0,8.2,7.44
E05000422,Gipsy Hill,80.3,26.060000000000002,4.8,7.5200000000000005,122.05999999999999,0.56,329.8,1.3739999999999999,3.62,87.8089172,76.0,6.2,7.38
E05000423,Herne Hill,81.4,20.24,4.0,8.080000000000002,89.14000000000001,0.48,337.8,1.2720000000000002,4.26,74.75393701,100.0,12.5,7.359999999999999
E05000424,Knight's Hill,78.6,25.060000000000002,4.659999999999999,8.64,114.9,0.38,339.0,1.286,3.9200000000000004,100.7807196,95.0,4.9,7.860000000000001
E05000425,Larkhall,78.0,30.6,3.8400000000000007,7.140000000000001,147.06,0.48,330.6,1.35,5.319999999999999,163.7110482,14.0,8.1,7.779999999999999
E05000426,Oval,80.2,25.98,3.7199999999999998,5.779999999999999,127.02000000000001,0.20000000000000004,329.8,0.9279999999999999,6.56,119.1137255,0.0,9.2,7.540000000000001
E05000427,Prince's,81.1,28.060000000000002,4.84,8.18,99.48,0.20000000000000004,326.8,1.046,6.0600000000000005,123.3907057,0.0,9.0,7.62
E05000428,St Leonard's,82.8,21.419999999999998,3.4799999999999995,6.859999999999999,155.2,0.32,350.6,1.348,5.659999999999999,101.0351967,100.0,6.0,7.62
E05000429,Stockwell,80.4,30.639999999999997,3.9,8.86,129.42000000000002,0.33999999999999997,340.8,1.016,5.58,171.0011507,0.0,8.7,7.779999999999999
E05000430,Streatham Hill,79.2,21.860000000000003,3.7399999999999998,6.239999999999999,127.22,0.36,347.6,1.22,5.0600000000000005,112.7022781,100.0,7.6,7.94
E05000431,Streatham South,82.8,24.74,3.4200000000000004,6.82,98.76000000000002,0.48,338.4,1.17,3.62,84.85865724,99.0,4.1,7.540000000000001
E05000432,Streatham Wells,79.4,21.919999999999998,3.1599999999999997,5.92,101.6,0.38,345.0,1.376,4.279999999999999,103.3425224,96.0,5.5,7.540000000000001
E05000433,Thornton,84.4,27.540000000000003,3.1799999999999997,5.72,100.67999999999999,0.38,351.2,1.1280000000000001,3.2600000000000002,116.3804247,82.0,7.9,7.779999999999999
E05000434,Thurlow Park,82.3,21.940000000000005,3.6599999999999993,5.56,118.93999999999998,0.38,340.6,1.5,4.84,90.58085809,100.0,8.3,7.62
E05000435,Tulse Hill,81.1,26.7,4.1,10.260000000000002,131.89999999999998,0.7,332.4,1.4819999999999998,4.4,154.1107872,100.0,9.6,7.5200000000000005
E05000436,Vassall,81.9,28.580000000000002,5.5,10.74,139.02,0.76,329.6,1.4,4.44,125.8724535,15.0,9.7,7.140000000000001
E05000437,Bellingham,79.7,28.000000000000007,5.6,8.56,114.88,0.64,309.8,1.5799999999999998,2.92,48.19448947,100.0,1.9,7.540000000000001
E05000438,Blackheath,81.5,21.78,3.38,4.5200000000000005,116.63999999999999,0.42000000000000004,335.0,1.348,4.82,61.08517077,100.0,3.9,8.02
E05000439,Brockley,79.7,25.439999999999998,3.78,7.840000000000001,140.68,0.5599999999999999,317.0,1.5,5.36,102.2479241,79.0,5.5,7.460000000000001
E05000440,Catford South,81.1,24.840000000000003,3.339999999999999,5.9799999999999995,76.74,0.19999999999999998,330.8,1.056,3.22,81.91648822,94.0,2.7,7.540000000000001
E05000441,Crofton Park,83.3,20.58,3.5799999999999996,5.9,89.96,0.5800000000000001,322.8,1.136,3.839999999999999,87.36780941,91.0,5.8,7.540000000000001
E05000442,Downham,82.3,26.360000000000003,5.779999999999999,8.86,130.68,1.1400000000000001,315.0,1.7280000000000002,3.12,61.32691503,100.0,1.7,7.38
E05000443,Evelyn,79.3,27.120000000000005,4.58,9.4,114.82000000000001,0.5799999999999998,311.6,1.51,3.0599999999999996,94.09244645,59.0,4.3,7.94
E05000444,Forest Hill,80.4,19.76,3.6799999999999997,6.56,115.3,0.76,329.0,1.0999999999999999,3.6799999999999997,81.77789934,100.0,4.6,7.62
E05000445,Grove Park,80.6,25.46,4.519999999999999,6.18,94.08000000000001,0.72,327.0,1.6179999999999999,3.12,61.62207358,83.0,2.2,7.779999999999999
E05000446,Ladywell,81.1,23.48,3.3600000000000003,5.779999999999999,109.67999999999999,0.28,335.8,1.1960000000000002,4.26,90.70229956,100.0,5.8,7.860000000000001
E05000447,Lee Green,82.4,17.86,3.5200000000000005,5.619999999999999,106.02000000000001,0.5599999999999999,340.8,0.984,3.34,81.07794362,89.0,3.8,7.540000000000001
E05000448,Lewisham Central,78.1,22.84,4.539999999999999,7.459999999999999,160.5,0.5799999999999998,317.6,1.382,4.92,85.36478599,91.0,3.4,7.94
E05000449,New Cross,76.0,28.559999999999995,4.119999999999999,9.34,159.94,0.8400000000000001,322.6,1.598,4.3,87.14364337,31.0,4.9,7.7
E05000450,Perry Vale,82.3,22.940000000000005,3.8600000000000003,6.94,107.38000000000002,0.43999999999999995,322.2,1.316,3.3199999999999994,93.33135392,83.0,4.1,7.779999999999999
E05000451,Rushey Green,81.3,22.82,5.56,8.559999999999999,129.16,1.1800000000000002,315.0,1.318,4.98,84.27849523,99.0,2.9,7.38
E05000452,Sydenham,78.6,24.020000000000003,4.46,7.26,108.9,0.48,317.0,1.4780000000000002,3.9599999999999995,90.04011461,100.0,2.8,7.7
E05000453,Telegraph Hill,81.5,23.12,4.18,8.02,99.92,0.33999999999999997,322.2,1.0719999999999998,4.619999999999999,106.8523316,52.0,6.5,7.38
E05000454,Whitefoot,83.0,24.86,4.74,7.959999999999999,120.97999999999999,0.9799999999999999,315.0,1.6460000000000001,2.6800000000000006,64.45593525,100.0,1.7,7.779999999999999
E05000455,Abbey,81.5,17.82,1.9200000000000004,2.12,74.32000000000001,0.42000000000000004,357.4,0.7100000000000001,5.08,74.70208184,100.0,3.9,7.340000000000001
E05000456,Cannon Hill,85.3,18.259999999999998,1.8599999999999999,2.8600000000000003,60.5,0.54,358.8,0.548,2.6,41.84802158,100.0,3.3,7.92
E05000457,Colliers Wood,82.0,23.339999999999996,2.16,3.3600000000000003,121.23999999999998,0.39999999999999997,340.8,1.23,4.02,97.11071107,100.0,4.4,7.779999999999999
E05000458,Cricket Green,80.2,23.859999999999996,4.619999999999999,9.42,81.02000000000001,1.08,328.2,1.2200000000000002,3.12,38.58191525,100.0,2.4,7.460000000000001
E05000459,Dundonald,85.1,7.56,1.1,1.3599999999999999,80.9,0.24,378.0,0.29,4.62,81.2945265,78.0,3.8,7.659999999999999
E05000460,Figge's Marsh,79.8,21.82,4.1,8.16,118.85999999999999,0.6,336.4,1.1780000000000002,3.66,99.12510936,89.0,2.8,7.779999999999999
E05000461,Graveney,83.4,24.259999999999998,2.08,5.84,88.17999999999999,0.21999999999999997,353.2,0.7879999999999999,3.4199999999999995,111.8552036,53.0,3.1,7.460000000000001
E05000462,Hillside,85.5,19.62,1.4600000000000002,1.4200000000000002,47.22,0.14,365.6,0.34199999999999997,5.08,76.41047297,55.0,2.8,7.58
E05000463,Lavender Fields,81.7,23.48,2.96,5.26,95.25999999999999,0.5800000000000001,332.6,1.262,2.6,87.78813559,96.0,3.4,7.460000000000001
E05000464,Longthornton,81.3,21.54,2.76,5.58,85.1,0.78,341.2,1.036,2.8199999999999994,68.17690749,79.0,2.1,7.540000000000001
E05000465,Lower Morden,82.6,14.74,2.0200000000000005,3.0799999999999996,47.519999999999996,0.52,355.8,0.828,2.2,50.61946903,90.0,2.4,7.5200000000000005
E05000466,Merton Park,85.1,13.4,1.4,2.32,68.3,0.32,380.6,0.34800000000000003,3.84,52.55365988,96.0,4.3,8.0
E05000467,Pollards Hill,82.0,23.340000000000003,3.3199999999999994,7.359999999999999,101.86000000000001,1.1199999999999999,333.0,1.1320000000000001,2.66,48.00370542,100.0,2.5,7.7
E05000468,Ravensbury,79.1,19.380000000000003,4.0600000000000005,6.1,97.58000000000001,0.6,328.6,1.5559999999999998,3.14,54.61915125,97.0,2.3,7.44
E05000469,Raynes Park,80.4,13.02,2.06,1.92,59.3,0.24,364.8,0.36000000000000004,3.4799999999999995,52.9843497,33.0,3.7,7.68
E05000470,St Helier,80.4,22.46,4.02,5.660000000000001,77.72,0.38,339.2,1.3079999999999998,2.98,56.94896851,93.0,2.6,7.68
E05000471,Trinity,81.6,18.64,2.1,2.8,115.62,0.5,361.8,0.652,3.8199999999999994,92.07635009,93.0,4.0,7.42
E05000472,Village,85.4,19.62,0.7799999999999999,0.96,59.980000000000004,0.18000000000000002,353.0,0.596,2.32,13.74879382,96.0,4.1,7.74
E05000473,West Barnes,83.0,19.76,1.52,2.56,63.339999999999996,0.43999999999999995,371.8,0.5439999999999999,2.68,50.95335725,97.0,3.5,7.840000000000001
E05000474,Wimbledon Park,84.7,15.2,1.5999999999999999,2.0,62.98,0.22000000000000003,375.0,0.388,3.14,49.09565217,84.0,4.8,7.74
E05000475,Beckton,80.9,27.24,4.72,6.56,101.4,2.6,329.8,1.8960000000000001,2.8199999999999994,24.50287724,90.0,1.9,7.8
E05000476,Boleyn,82.9,24.080000000000002,4.0,9.419999999999998,110.74000000000001,1.3599999999999999,334.8,1.326,4.140000000000001,176.7030568,50.0,1.3,7.6
E05000477,Canning Town North,79.6,27.5,5.9,14.320000000000002,103.1,2.0599999999999996,316.2,1.7260000000000002,4.48,59.41339675,99.0,1.4,7.4
E05000478,Canning Town South,79.1,27.2,3.6800000000000006,8.86,120.02000000000001,1.16,311.2,1.786,3.5800000000000005,89.16895982,48.0,2.0,7.719999999999999
E05000479,Custom House,76.8,24.740000000000002,5.2,9.3,164.73999999999998,2.1599999999999997,318.2,1.8760000000000001,2.9200000000000004,65.84585555,74.0,1.7,7.959999999999999
E05000480,East Ham Central,81.7,24.68,3.2,8.080000000000002,150.78,1.1800000000000002,328.6,1.402,4.74,155.1780558,19.0,1.2,7.92
E05000481,East Ham North,78.6,23.86,3.499999999999999,8.760000000000002,82.96,0.9,338.6,1.266,4.4,155.2544248,16.0,0.8,7.840000000000001
E05000482,East Ham South,80.0,26.679999999999996,4.2,9.3,95.32000000000001,1.08,326.6,1.614,2.62,87.08057395,100.0,1.5,7.5200000000000005
E05000483,Forest Gate North,80.6,26.860000000000003,3.6800000000000006,8.84,113.25999999999999,1.08,323.4,1.3279999999999998,3.12,132.0626003,67.0,2.9,7.6
E05000484,Forest Gate South,77.8,21.98,3.96,9.940000000000001,136.52,1.3,330.8,1.378,3.7999999999999994,147.4748322,28.0,2.2,8.0
E05000485,Green Street East,82.5,23.560000000000002,3.4199999999999995,9.440000000000001,90.74,0.66,330.0,1.278,3.78,216.5006729,49.0,1.0,7.840000000000001
E05000486,Green Street West,81.7,23.04,3.3199999999999994,9.680000000000001,95.5,0.86,325.2,1.0619999999999998,4.0,190.0621118,6.0,1.0,7.5200000000000005
E05000487,Little Ilford,78.8,26.060000000000002,4.24,11.679999999999998,98.93999999999998,1.02,332.0,1.0219999999999998,2.72,88.74670879,81.0,1.1,7.840000000000001
E05000488,Manor Park,78.9,24.12,3.78,10.940000000000001,100.54,0.86,329.6,1.3,3.94,114.9555556,99.0,1.6,7.92
E05000489,Plaistow North,81.6,23.5,4.72,11.42,98.22,1.2,331.8,1.214,4.2,159.745158,80.0,1.8,7.6
E05000490,Plaistow South,80.8,27.860000000000003,3.72,10.02,98.9,0.86,328.6,1.4,4.38,119.9134199,99.0,1.8,8.08
E05000491,Royal Docks,81.9,27.74,2.84,6.34,91.02000000000001,1.3599999999999999,319.6,1.6440000000000001,2.56,22.60171083,41.0,1.8,8.2
E05000492,Stratford and New Town,80.4,26.640000000000004,2.94,6.88,181.48,1.3,323.4,1.494,5.48,42.45928723,52.0,2.4,7.44
E05000493,Wall End,81.0,24.5,3.5200000000000005,8.260000000000002,86.1,0.76,325.8,1.436,3.72,109.0790428,39.0,0.9,8.0
E05000494,West Ham,81.0,25.440000000000005,4.279999999999999,10.34,102.83999999999999,1.3199999999999998,324.8,1.326,4.619999999999999,117.8876404,75.0,2.1,7.840000000000001
E05000495,Aldborough,80.2,21.58,3.44,5.540000000000001,98.88,0.58,352.4,0.8799999999999999,2.6,17.04482118,66.0,0.6,7.639999999999999
E05000496,Barkingside,86.1,20.42,2.54,4.34,89.1,0.26,373.4,0.8300000000000001,3.28,83.32023576,49.0,0.7,7.720000000000001
E05000497,Bridge,84.1,18.740000000000002,3.44,4.38,87.34,0.72,337.2,0.898,2.16,45.59519193,94.0,1.1,7.4
E05000498,Chadwell,80.4,23.54,2.9999999999999996,6.34,84.86,0.48,349.4,0.8220000000000001,2.46,95.02642008,35.0,0.9,7.88
E05000499,Church End,83.0,14.780000000000001,1.92,3.4799999999999995,103.44000000000001,0.32,364.6,0.5740000000000001,2.8,77.92225201,100.0,1.9,7.8
E05000500,Clayhall,84.4,22.28,2.2600000000000002,4.04,69.32000000000001,0.3,378.0,0.796,2.3,53.58490566,58.0,0.6,7.88
E05000501,Clementswood,81.3,21.140000000000004,3.6,8.940000000000001,142.34,1.22,339.0,1.2979999999999998,3.4,116.5302911,88.0,0.6,7.720000000000001
E05000502,Cranbrook,81.1,21.700000000000003,3.2,5.1,101.82000000000001,0.27999999999999997,359.2,1.1620000000000001,3.7600000000000002,53.599335,98.0,0.9,7.88
E05000503,Fairlop,82.1,24.76,3.44,5.1,89.33999999999999,1.08,336.0,0.9640000000000001,2.8600000000000003,35.47579299,70.0,0.6,7.720000000000001
E05000504,Fullwell,84.5,26.060000000000002,3.9199999999999995,5.9399999999999995,88.68,1.1,349.4,0.8380000000000001,2.32,59.58810069,78.0,0.8,7.0
E05000505,Goodmayes,81.1,24.2,4.08,7.840000000000001,100.38,0.82,332.6,1.208,3.62,80.06067961,98.0,0.8,7.88
E05000506,Hainault,80.0,24.580000000000002,6.32,7.279999999999999,83.16,1.4,318.2,1.47,2.4400000000000004,23.15313719,80.0,1.0,7.959999999999999
E05000507,Loxford,78.8,24.48,3.84,10.079999999999998,111.42,0.78,335.0,1.556,3.4199999999999995,129.7435897,100.0,0.7,7.88
E05000508,Mayfield,82.4,26.159999999999997,2.88,6.56,87.1,0.44000000000000006,345.2,1.204,2.72,73.24309979,95.0,0.9,7.720000000000001
E05000509,Monkhams,83.1,16.7,1.86,2.1,64.24000000000001,0.27999999999999997,375.0,0.49399999999999994,2.6,34.16260163,100.0,1.5,7.88
E05000510,Newbury,84.1,22.220000000000002,3.08,6.360000000000001,80.04,0.5000000000000001,362.4,0.8460000000000001,3.14,79.91497402,59.0,0.8,7.56
E05000511,Roding,83.3,20.28,2.5800000000000005,5.04,86.78,0.6399999999999999,344.2,1.034,2.42,51.85153584,100.0,1.6,7.720000000000001
E05000512,Seven Kings,81.6,24.6,3.62,7.74,89.97999999999999,0.74,339.0,1.002,3.1,73.55427474,54.0,0.8,7.959999999999999
E05000513,Snaresbrook,82.7,18.220000000000002,2.5800000000000005,3.18,83.92,0.52,348.6,0.6980000000000001,3.6800000000000006,60.28700906,100.0,2.4,7.8
E05000514,Valentines,81.1,22.18,4.1,8.66,134.88,0.7,357.6,1.1079999999999999,4.42,94.98668442,100.0,1.1,7.639999999999999
E05000515,Wanstead,83.0,20.839999999999996,2.6600000000000006,3.28,131.88,0.82,360.6,0.8859999999999999,2.46,22.38938053,100.0,3.2,8.12
E05000516,Barnes,85.3,19.68,2.08,2.1800000000000006,75.6,0.32,341.2,1.1600000000000001,3.2600000000000002,34.31893688,100.0,7.6,7.92
E05000517,East Sheen,86.4,7.56,1.3,1.64,66.16,0.13999999999999999,370.8,0.694,2.54,17.78748929,100.0,7.8,7.76
E05000518,Fulwell and Hampton Hill,82.4,6.1000000000000005,2.14,2.04,49.4,0.3,369.6,0.642,3.0,52.9822732,91.0,7.0,7.74
E05000519,"Ham, Petersham and Richmond Riverside",82.8,14.220000000000002,2.88,3.3200000000000003,71.1,0.9800000000000001,339.6,1.054,2.1,10.95490155,100.0,7.9,7.359999999999999
E05000520,Hampton,82.7,13.080000000000002,2.02,2.16,58.06,0.3,361.0,0.6859999999999999,2.5799999999999996,14.56449033,70.0,6.0,7.5
E05000521,Hampton North,82.6,17.06,3.9199999999999995,3.12,78.04,0.5199999999999999,332.8,0.9279999999999999,2.16,48.26153846,92.0,5.5,7.42
E05000522,Hampton Wick,84.4,8.84,2.7600000000000002,1.8199999999999998,66.8,0.4,373.0,0.7939999999999999,2.56,37.34158776,98.0,6.6,7.9
E05000523,Heathfield,82.7,15.220000000000002,3.4199999999999995,4.04,75.53999999999999,0.8,342.0,1.338,2.0,54.08472803,97.0,3.6,8.059999999999999
E05000524,Kew,86.9,10.9,1.7,1.7799999999999998,65.64,0.16,370.2,0.792,3.04,32.08111888,62.0,5.7,7.840000000000001
E05000525,Mortlake and Barnes Common,84.7,9.04,2.4999999999999996,2.5,77.88,0.33999999999999997,341.2,0.876,3.1,56.49122807,100.0,8.6,8.16
E05000526,North Richmond,85.9,12.680000000000001,2.5599999999999996,2.3400000000000003,79.2,0.18,354.0,0.844,4.359999999999999,38.12142857,58.0,6.2,7.840000000000001
E05000527,St Margarets and North Twickenham,85.4,10.1,1.34,1.72,63.36,0.3,373.4,0.758,3.04,55.82751745,80.0,6.1,7.5
E05000528,South Richmond,84.0,7.380000000000001,1.8,1.92,91.32000000000001,0.24,350.0,0.852,4.119999999999999,40.31203566,100.0,3.8,7.5200000000000005
E05000529,South Twickenham,85.6,6.7,1.56,1.8399999999999999,48.46,0.13999999999999999,389.2,0.48200000000000004,3.44,58.03126809,98.0,5.9,7.74
E05000530,Teddington,83.3,7.140000000000001,1.8000000000000003,1.94,48.72,0.28,383.0,0.5,3.06,24.11080074,87.0,5.5,7.82
E05000531,Twickenham Riverside,82.9,7.0,1.48,1.7,69.92,0.33999999999999997,387.0,0.806,4.28,53.1243629,100.0,4.8,7.58
E05000532,West Twickenham,83.6,13.66,2.14,2.3,70.7,0.26,352.4,0.792,2.7,42.98452769,100.0,6.2,7.659999999999999
E05000533,Whitton,82.6,13.660000000000002,2.24,2.78,71.84,0.3,359.8,0.9079999999999998,2.38,60.27726433,65.0,5.4,7.74
E05000534,Brunswick Park,80.2,23.919999999999998,4.999999999999999,10.279999999999998,107.9,1.1199999999999999,339.0,1.206,3.9799999999999995,141.4010695,93.0,10.3,7.7
E05000535,Camberwell Green,77.4,26.3,5.78,11.26,140.26000000000002,0.28,338.4,1.224,5.619999999999999,154.7692308,99.0,7.5,7.540000000000001
E05000536,Cathedrals,79.9,28.28,4.42,7.040000000000001,53.2,0.64,334.6,1.55,7.76,84.80998298,0.0,7.5,7.3
E05000537,Chaucer,82.1,31.76,3.12,6.2,92.08,0.76,334.4,1.214,6.5600000000000005,184.7023086,0.0,7.0,8.02
E05000538,College,83.4,21.1,4.360000000000001,5.9799999999999995,115.55999999999999,0.5599999999999999,334.0,1.268,3.2600000000000002,36.71304886,98.0,5.4,7.460000000000001
E05000539,East Dulwich,82.3,15.84,3.54,4.6,99.52000000000001,0.26,348.2,1.126,4.1,121.5897939,89.0,8.9,7.779999999999999
E05000540,East Walworth,80.4,26.540000000000003,5.4799999999999995,7.58,223.3,1.3199999999999998,329.4,1.3820000000000001,5.66,101.3461538,72.0,7.0,7.38
E05000541,Faraday,81.6,29.68,4.68,10.64,139.35999999999999,1.94,326.4,1.232,4.4399999999999995,146.9099202,100.0,6.9,7.860000000000001
E05000542,Grange,78.6,24.799999999999997,4.4,6.94,95.14000000000001,0.8600000000000001,323.2,1.3359999999999999,4.760000000000001,127.7925311,40.0,7.1,7.840000000000001
E05000543,Livesey,81.8,27.580000000000002,5.64,12.58,152.32,1.28,324.8,1.5939999999999999,4.18,98.68384401,58.0,4.9,7.68
E05000544,Newington,81.1,25.74,5.24,8.48,138.56,0.44000000000000006,336.4,1.3039999999999998,5.860000000000001,170.4447115,41.0,8.7,7.62
E05000545,Nunhead,77.7,25.7,6.840000000000001,11.2,137.02,0.52,333.8,1.338,4.500000000000001,103.4795764,51.0,7.4,7.92
E05000546,Peckham,78.5,27.7,5.04,13.52,148.3,0.6599999999999999,327.6,1.2399999999999998,4.1,169.3922018,83.0,5.0,7.68
E05000547,Peckham Rye,81.9,21.5,3.94,5.7,106.38,0.36000000000000004,336.0,1.0399999999999998,3.4200000000000004,60.32845095,100.0,9.2,7.68
E05000548,Riverside,81.7,35.8,3.12,5.12,54.260000000000005,0.5399999999999999,327.0,1.518,4.5200000000000005,108.506006,51.0,5.5,8.32
E05000549,Rotherhithe,80.3,30.080000000000002,3.8999999999999995,5.720000000000001,141.54,0.5599999999999999,328.2,1.3840000000000001,4.880000000000001,92.46648794,100.0,5.4,7.6
E05000550,South Bermondsey,81.5,29.580000000000002,4.9,8.280000000000001,127.5,1.1800000000000002,323.4,1.35,3.6399999999999997,142.1891059,100.0,6.3,8.24
E05000551,South Camberwell,83.8,27.520000000000003,3.3599999999999994,6.36,99.8,0.4,343.6,1.222,4.359999999999999,95.25920361,71.0,8.8,7.460000000000001
E05000552,Surrey Docks,80.4,27.639999999999997,2.4399999999999995,3.7600000000000002,119.5,0.5199999999999999,328.2,1.334,2.74,71.00999474,100.0,6.3,7.92
E05000553,The Lane,81.1,24.919999999999998,4.660000000000001,9.219999999999999,181.16,0.8399999999999999,327.6,1.3180000000000003,5.699999999999999,112.5107914,50.0,9.9,7.5200000000000005
E05000554,Village,84.8,11.919999999999998,2.12,2.9400000000000004,100.00000000000001,0.25999999999999995,370.2,0.52,3.8,44.69153515,83.0,10.2,7.7
E05000555,Beddington North,83.3,22.02,2.2199999999999998,3.54,56.65999999999999,0.9400000000000002,357.4,0.868,2.6399999999999997,20.84337349,98.0,2.2,7.88
E05000556,Beddington South,82.3,23.3,4.48,5.980000000000001,82.14,1.16,343.4,1.3980000000000001,2.0,35.0800392,97.0,1.6,7.639999999999999
E05000557,Belmont,83.2,17.259999999999998,2.8400000000000003,2.7399999999999998,36.5,0.45999999999999996,370.6,0.8019999999999999,2.1399999999999997,43.29482242,90.0,1.6,8.12
E05000558,Carshalton Central,83.5,13.76,2.2800000000000002,3.16,76.5,0.6000000000000001,372.4,0.65,3.1399999999999997,49.87666502,71.0,2.9,7.720000000000001
E05000559,Carshalton South and Clockhouse,83.0,15.34,2.3000000000000003,2.66,58.220000000000006,0.5599999999999999,370.6,0.776,1.98,13.86904762,63.0,1.7,8.04
E05000560,Cheam,82.9,13.479999999999999,1.64,2.12,48.1,0.52,389.0,0.538,2.06,26.297613,92.0,1.8,7.8
E05000561,Nonsuch,86.2,14.36,1.3599999999999999,2.0200000000000005,61.760000000000005,0.42000000000000004,375.2,0.496,2.22,56.21196222,92.0,2.3,7.88
E05000562,St Helier,80.8,24.54,4.56,6.94,72.58000000000001,0.54,322.6,1.518,2.8600000000000003,80.31333333,98.0,1.8,7.8
E05000563,Stonecot,81.4,16.3,1.8599999999999999,2.8200000000000003,67.1,0.6599999999999999,367.6,0.5980000000000001,2.44,54.42200909,26.0,1.9,8.04
E05000564,Sutton Central,81.3,20.060000000000002,3.7399999999999998,5.08,117.32000000000001,1.1,339.6,1.24,4.32,84.54961832,12.0,2.2,7.88
E05000565,Sutton North,82.9,18.52,2.0800000000000005,3.56,75.34,0.78,356.4,0.8280000000000001,3.1,55.62133333,42.0,2.1,7.88
E05000566,Sutton South,80.5,19.119999999999997,2.94,3.38,49.2,0.36,365.2,1.0739999999999998,3.2600000000000002,76.02201258,84.0,1.7,7.959999999999999
E05000567,Sutton West,81.9,16.68,2.0000000000000004,2.6,56.580000000000005,0.4,375.2,0.714,3.38,59.64586847,57.0,2.2,7.959999999999999
E05000568,The Wrythe,80.0,18.6,2.5,4.279999999999999,86.66,1.1999999999999997,341.6,0.968,2.52,69.04183536,83.0,2.3,7.639999999999999
E05000569,Wallington North,82.4,16.4,3.1399999999999997,3.28,76.54,0.6200000000000001,361.6,0.86,3.3599999999999994,66.3327149,94.0,2.0,7.959999999999999
E05000570,Wallington South,82.6,18.84,3.6799999999999997,3.96,78.25999999999999,0.74,371.2,0.8779999999999999,3.2399999999999998,59.7556719,12.0,1.8,7.959999999999999
E05000571,Wandle Valley,79.9,21.080000000000002,4.180000000000001,6.459999999999999,88.26,1.14,323.2,1.536,2.2600000000000002,57.05109489,100.0,3.0,7.959999999999999
E05000572,Worcester Park,84.1,17.32,1.7600000000000002,2.46,52.779999999999994,0.33999999999999997,370.6,0.818,2.32,60.01532959,58.0,2.7,7.959999999999999
E05000573,Bethnal Green North,78.2,27.060000000000002,4.960000000000001,12.1,127.42,1.56,333.4,1.172,6.04,167.9586877,98.0,12.7,8.04
E05000574,Bethnal Green South,79.3,24.759999999999998,4.82,10.72,155.4,2.12,330.8,1.184,6.720000000000001,162.1452894,23.0,7.8,7.720000000000001
E05000575,Blackwall and Cubitt Town,81.8,24.92,3.1,5.4,55.36,1.1400000000000001,325.6,1.404,3.6,66.40714526,88.0,3.0,7.92
E05000576,Bow East,79.3,27.679999999999996,4.76,10.2,121.92,1.8,318.2,1.55,3.66,80.38213132,100.0,9.3,7.779999999999999
E05000577,Bow West,80.8,21.800000000000004,4.3,8.78,174.64000000000001,2.3,334.6,1.2979999999999998,5.38,97.02301411,100.0,11.0,7.94
E05000578,Bromley-by-Bow,81.3,26.240000000000002,5.139999999999999,13.940000000000001,90.35999999999999,1.7399999999999998,335.0,1.166,4.3,136.1545624,100.0,4.8,7.220000000000001
E05000579,East India and Lansbury,78.2,28.779999999999994,6.6,17.78,108.8,3.3600000000000003,320.6,1.1520000000000001,3.4200000000000004,122.5490196,51.0,3.2,7.840000000000001
E05000580,Limehouse,77.5,26.139999999999997,4.54,10.4,96.78,2.3,323.4,1.2239999999999998,4.62,141.5761821,76.0,4.5,8.32
E05000581,Mile End and Globe Town,78.6,25.54,3.8800000000000003,8.379999999999999,84.74000000000001,1.3800000000000001,333.4,1.098,5.5,169.6111111,100.0,8.9,8.04
E05000582,Mile End East,80.0,26.580000000000002,4.58,13.3,113.62,2.9799999999999995,323.2,1.498,5.279999999999999,125.9626168,100.0,5.9,7.7
E05000583,Millwall,82.7,23.339999999999996,2.12,4.7,15.64,0.54,332.2,1.4120000000000001,3.4199999999999995,95.13018714,63.0,2.8,7.92
E05000584,St Dunstan's and Stepney Green,78.9,26.7,5.08,13.2,92.05999999999999,2.26,343.6,1.202,5.1,160.8939096,74.0,6.8,7.62
E05000585,St Katharine's and Wapping,81.5,22.82,3.08,4.4799999999999995,57.14,0.5800000000000001,348.8,1.02,3.9200000000000004,83.48605578,0.0,6.9,7.7
E05000586,Shadwell,81.2,24.879999999999995,4.279999999999999,12.679999999999998,93.2,1.9600000000000002,341.2,1.088,5.3,158.5462098,45.0,5.4,8.02
E05000587,Spitalfields and Banglatown,79.8,23.780000000000005,4.16,13.039999999999997,93.92000000000002,1.0400000000000003,335.0,1.384,6.459999999999999,162.6489028,0.0,7.5,7.239999999999999
E05000588,Weavers,79.0,24.96,5.12,11.1,200.38,0.9400000000000001,335.6,1.012,5.24,171.3478819,86.0,12.1,7.720000000000001
E05000589,Whitechapel,77.0,26.119999999999997,3.4200000000000004,9.520000000000001,75.7,1.3800000000000001,340.0,1.1700000000000002,6.38,163.4858388,0.0,7.1,7.779999999999999
E05000590,Cann Hall,79.5,22.78,3.94,10.14,98.84,0.8400000000000001,316.0,1.8760000000000001,2.9,161.7674419,92.0,3.0,7.779999999999999
E05000591,Cathall,81.5,21.640000000000004,4.7,12.0,103.9,0.64,319.0,1.9799999999999998,4.54,121.1163671,41.0,2.6,7.62
E05000592,Chapel End,83.4,22.559999999999995,2.64,7.4,95.56000000000002,0.6599999999999999,328.4,1.098,2.9,77.14983713,73.0,3.0,7.8
E05000593,Chingford Green,82.1,19.34,3.1,4.86,94.4,0.7,349.4,0.9780000000000001,2.7400000000000007,27.80579399,100.0,1.1,8.04
E05000594,Endlebury,85.6,18.32,3.44,4.8,85.79999999999998,0.5199999999999999,342.8,1.108,2.2800000000000002,55.1914242,100.0,1.2,7.56
E05000595,Forest,81.5,18.9,3.7399999999999998,7.3,104.4,1.4,328.6,1.2280000000000002,4.12,64.02015113,74.0,3.5,7.7
E05000596,Grove Green,83.5,17.46,2.2600000000000002,7.840000000000001,98.44,0.32,325.4,1.532,4.199999999999999,164.0089087,2.0,3.1,7.460000000000001
E05000597,Hale End and Highams Park,83.5,15.62,3.38,6.640000000000001,85.49999999999999,0.4,340.6,0.916,2.42,48.69787234,100.0,2.3,7.8
E05000598,Hatch Lane,80.4,19.52,4.779999999999999,6.68,90.30000000000001,0.8400000000000001,338.6,1.2959999999999998,2.42,46.11248966,100.0,1.8,7.720000000000001
E05000599,High Street,82.6,24.339999999999996,3.2600000000000002,7.960000000000001,230.1,1.2200000000000002,335.6,1.21,4.24,46.55341392,3.0,4.1,7.639999999999999
E05000600,Higham Hill,80.9,25.82,4.6,10.580000000000002,84.14000000000001,0.9199999999999999,322.2,1.1880000000000002,2.6,41.29733085,63.0,2.3,7.959999999999999
E05000601,Hoe Street,79.7,24.479999999999997,4.26,11.360000000000001,134.2,0.62,327.8,1.3039999999999998,5.08,127.9124886,10.0,3.1,7.56
E05000602,Larkswood,82.3,24.939999999999998,4.1,6.18,104.97999999999999,0.6399999999999999,335.8,1.2440000000000002,2.7600000000000002,55.22474625,94.0,1.6,7.8
E05000603,Lea Bridge,78.1,22.24,3.56,11.559999999999999,118.7,0.8800000000000001,323.8,1.568,3.6,59.78071834,27.0,3.9,7.860000000000001
E05000604,Leyton,80.5,20.0,4.74,11.78,125.02000000000001,1.26,310.0,1.796,3.8,70.26031434,3.0,2.7,7.779999999999999
E05000605,Leytonstone,80.6,17.72,3.5800000000000005,7.1,129.18,0.68,337.8,1.24,4.88,99.09923664,88.0,2.9,7.38
E05000606,Markhouse,81.2,22.360000000000003,3.88,11.219999999999999,115.6,1.16,333.4,1.3940000000000001,4.06,94.58046768,0.0,3.3,7.959999999999999
E05000607,Valley,83.0,20.1,4.0200000000000005,7.74,167.68,0.6,328.0,1.258,2.42,58.21302373,80.0,1.8,7.720000000000001
E05000608,William Morris,80.4,22.779999999999994,3.38,8.72,94.17999999999999,0.45999999999999996,324.0,1.1300000000000001,3.3599999999999994,133.963964,8.0,3.7,7.4799999999999995
E05000609,Wood Street,80.2,18.9,4.64,9.16,106.9,0.62,334.4,1.172,3.54,73.08943089,96.0,3.7,7.8
E05000610,Balham,84.6,9.14,2.04,2.6,133.86,0.18000000000000002,359.6,0.758,4.64,122.7235099,100.0,7.9,7.42
E05000611,Bedford,81.3,16.3,2.9400000000000004,3.22,126.24000000000001,0.2,340.8,0.806,4.139999999999999,81.14190687,100.0,7.1,7.359999999999999
E05000612,Earlsfield,81.9,18.76,2.82,3.34,85.03999999999999,0.34,349.0,0.9399999999999998,3.6799999999999997,110.0141743,92.0,6.5,7.359999999999999
E05000613,East Putney,83.3,14.820000000000002,1.8,2.1399999999999997,72.75999999999999,0.24000000000000005,334.0,1.012,4.26,93.85332505,59.0,7.1,7.92
E05000614,Fairfield,80.8,19.8,2.2600000000000002,2.9200000000000004,106.53999999999999,0.12,347.6,1.0,5.28,100.975945,83.0,7.7,7.68
E05000615,Furzedown,82.4,17.86,3.4800000000000004,6.459999999999999,81.82000000000001,0.22000000000000003,347.0,0.82,3.0799999999999996,110.1273885,87.0,7.2,7.44
E05000616,Graveney,82.1,23.04,3.2,5.08,135.8,0.34,339.4,0.9540000000000001,5.220000000000001,151.3789683,100.0,5.5,7.279999999999999
E05000617,Latchmere,79.7,26.359999999999996,4.880000000000001,7.92,131.92000000000002,0.78,342.6,1.128,5.359999999999999,142.0368664,57.0,7.0,7.18
E05000618,Nightingale,79.4,15.84,2.62,2.8599999999999994,104.25999999999999,0.32,350.0,0.686,5.32,119.8619009,100.0,8.4,7.6
E05000619,Northcote,84.9,14.180000000000001,1.6800000000000004,2.46,147.88000000000002,0.24000000000000005,346.4,0.674,4.98,89.55926147,100.0,8.8,7.58
E05000620,Queenstown,82.1,27.919999999999998,3.12,4.96,77.86000000000001,0.72,325.2,1.258,4.32,51.0723192,89.0,8.6,7.26
E05000621,Roehampton,79.6,22.680000000000003,5.279999999999999,8.36,84.41999999999999,0.44000000000000006,331.8,1.524,2.9,36.4624774,100.0,4.8,7.359999999999999
E05000622,St Mary's Park,78.6,26.5,2.52,4.24,89.0,0.6000000000000001,338.4,1.028,3.5799999999999996,119.0472779,82.0,9.6,8.059999999999999
E05000623,Shaftesbury,81.5,26.6,2.8000000000000003,3.12,126.31999999999998,0.2,342.0,0.8560000000000001,5.0600000000000005,150.0421941,100.0,9.2,7.58
E05000624,Southfields,83.2,15.959999999999999,2.0,2.6799999999999997,93.14000000000001,0.5,366.0,0.64,3.7399999999999998,107.4441524,90.0,7.3,7.68
E05000625,Thamesfield,85.9,9.419999999999998,1.1199999999999999,1.5799999999999998,114.98000000000002,0.13999999999999999,370.8,0.634,4.619999999999999,77.70432067,84.0,8.6,7.92
E05000626,Tooting,81.1,21.779999999999998,2.84,5.779999999999999,73.58000000000001,0.28,335.6,0.9239999999999998,5.1,101.3840399,93.0,4.3,7.44
E05000627,Wandsworth Common,80.6,14.16,2.2,2.28,84.6,0.86,348.4,0.6319999999999999,2.5799999999999996,55.54710145,99.0,9.3,7.6
E05000628,West Hill,80.0,20.6,3.1,4.4,61.7,0.24,341.6,1.068,2.84,97.58293839,96.0,4.9,7.92
E05000629,West Putney,81.2,18.44,3.3600000000000003,4.0200000000000005,79.74000000000001,0.21999999999999997,334.4,1.3980000000000001,2.78,80.15709642,100.0,7.2,7.5200000000000005
E05000630,Abbey Road,87.9,22.299999999999997,2.3,2.34,64.32,0.04,333.2,1.0,5.359999999999999,102.8767123,57.0,3.1,8.16
E05000631,Bayswater,84.5,21.199999999999996,4.32,4.14,139.34,0.22000000000000003,351.8,1.134,6.1,199.0926641,95.0,6.3,8.059999999999999
E05000632,Bryanston and Dorset Square,85.9,30.74,2.6199999999999997,3.4200000000000004,94.08,0.15999999999999998,351.0,1.122,7.959999999999999,165.8921162,100.0,4.8,8.059999999999999
E05000633,Churchill,82.8,25.639999999999997,6.44,6.5600000000000005,132.12,0.27999999999999997,337.6,1.0419999999999998,4.8,158.1280788,90.0,5.4,8.08
E05000634,Church Street,81.0,28.1,10.239999999999998,11.74,88.28,0.42000000000000004,341.2,1.408,6.279999999999999,264.9774775,88.0,4.0,8.08
E05000635,Harrow Road,80.1,25.279999999999998,7.0,10.86,110.67999999999999,0.26,346.0,1.208,5.54,243.3939394,100.0,6.6,8.0
E05000636,Hyde Park,83.3,19.759999999999998,3.44,3.2,64.74,0.1,350.8,1.538,7.82,130.0312826,95.0,4.6,7.74
E05000637,Knightsbridge and Belgravia,90.3,24.959999999999997,0.30000000000000004,0.45999999999999996,67.94000000000001,0.1,367.8,0.418,6.640000000000001,25.80295018,100.0,2.9,7.359999999999999
E05000638,Lancaster Gate,85.7,23.4,2.7,3.3400000000000007,179.98,0.18,360.0,1.576,7.220000000000001,209.5238095,100.0,6.0,7.9
E05000639,Little Venice,82.9,25.919999999999998,4.4399999999999995,3.6,108.88,0.18,340.4,1.2100000000000002,5.58,167.5786164,18.0,4.6,8.16
E05000640,Maida Vale,83.5,25.82,4.540000000000001,4.5,112.12,0.34,333.4,1.222,5.32,158.2972136,22.0,5.3,7.76
E05000641,Marylebone High Street,84.9,24.959999999999997,1.56,1.3800000000000001,73.52000000000001,0.12,365.6,1.01,7.76,103.5664336,99.0,4.4,7.9
E05000642,Queen's Park,80.0,27.080000000000002,8.120000000000001,13.579999999999998,97.46000000000001,0.32,334.2,1.278,5.0,215.5917667,100.0,6.1,7.6
E05000643,Regent's Park,85.4,24.08,3.5799999999999996,2.42,70.74000000000001,0.12,348.8,1.022,5.14,53.55496454,98.0,3.5,7.76
E05000644,St James's,84.0,23.840000000000003,5.5200000000000005,5.58,74.02000000000001,0.42000000000000004,324.0,0.914,7.539999999999999,31.19377163,0.0,3.6,8.0
E05000645,Tachbrook,83.8,22.78,3.9599999999999995,2.66,82.94000000000001,0.18,353.4,0.808,6.2,184.0315315,0.0,5.9,7.76
E05000646,Vincent Square,82.5,21.58,5.5200000000000005,4.06,37.99999999999999,0.3,344.0,0.8059999999999998,6.760000000000001,145.8163265,59.0,4.3,7.68
E05000647,Warwick,84.3,20.04,4.200000000000001,3.72,63.419999999999995,0.18,345.2,1.1019999999999999,6.4799999999999995,163.3797909,69.0,5.9,8.16
E05000648,Westbourne,78.3,26.939999999999998,9.28,9.319999999999999,103.16,0.5800000000000001,351.2,1.244,4.760000000000001,189.4658754,87.0,5.1,8.0
E05000649,West End,82.9,21.8,3.7399999999999998,3.1399999999999997,112.0,0.44000000000000006,336.8,0.8299999999999998,7.94,53.0260521,86.0,3.4,7.76
